#GENE,ENTREZ GENE ID,INHERITANCE,start_pos,end_pos
A2M,2,AD,,
A2ML1,144568,AD,,
A4GALT,53947,BG,,
AAAS,8086,AR,,
AAGAB,79719,AD,,
AARS1,16,AD/AR,,
AARS2,57505,AR,,
AASS,10157,AR,,
ABAT,18,AR,,
ABCA1,19,AD/AR,,
ABCA12,26154,AR,,
ABCA2,20,AR,,
ABCA3,21,AR,,
ABCA4,24,AD/AR,,
ABCA5,23461,AR,,
ABCB1,5243,AD,,
ABCB11,8647,AR,,
ABCB4,5244,AD/AR,,
ABCB6,10058,AD/BG,,
ABCB7,22,XL,,
ABCC1,4363,AD,,
ABCC11,85320,AD,,
ABCC2,1244,AD/AR,,
ABCC6,368,AD/AR/Digenic,,
ABCC8,6833,AD/AR,,
ABCC9,10060,AD/AR,,
ABCD1,215,XL,,
ABCD3,5825,AR,,
ABCD4,5826,AR,,
ABCG2,9429,BG,,
ABCG5,64240,AR,,
ABCG8,64241,AR,,
ABHD12,26090,AR,,
ABHD16A,7920,AR,,
ABHD5,51099,AR,,
ABL1,25,AD,,
ABO,28,BG,,
ACAD8,27034,AR,,
ACAD9,28976,AR,,
ACADM,34,AR,,
ACADS,35,AR,,
ACADSB,36,AR,,
ACADVL,37,AR,,
ACAN,176,AD,,
ACAT1,38,AR,,
ACBD5,91452,AR,,
ACD,65057,AD/AR,,
ACE,1636,AR,,
ACER3,55331,AR,,
ACHE,43,BG,,
ACKR1,2532,BG,,
ACKR3,57007,AR,,
ACO2,50,AR,,
ACOX1,51,AD,,
ACOX2,8309,AR,,
ACP4,93650,AR,,
ACP5,54,AR,,
ACR,49,AR,,
ACSF3,197322,AR,,
ACSL4,2182,XL,,
ACTA1,58,AD/AR,,
ACTA2,59,AD,,
ACTB,60,AD,,
ACTC1,70,AD,,
ACTG1,71,AD,,
ACTG2,72,AD,,
ACTL6B,51412,AD/AR,,
ACTL7A,10881,AR,,
ACTL9,284382,AR,,
ACTN1,87,AD,,
ACTN2,88,AD,,
ACTN3,89,AR,,
ACTN4,81,AD,,
ACVR1,90,AD,,
ACVR2B,93,AD,,
ACVRL1,94,AD,,
ACY1,95,AR,,
ADA,100,AR,,
ADA2,51816,AR,,
ADAM10,102,AD,,
ADAM17,6868,AR,,
ADAM22,53616,AR,,
ADAM9,8754,AR,,
ADAMTS10,81794,AR,,
ADAMTS13,11093,AR,,
ADAMTS15,170689,AR,,
ADAMTS17,170691,AR,,
ADAMTS18,170692,AR,,
ADAMTS19,171019,AR,,
ADAMTS2,9509,AR,,
ADAMTS3,9508,AR,,
ADAMTSL2,9719,AR,,
ADAMTSL4,54507,AR,,
ADAR,103,AD/AR,,
ADARB1,104,AR,,
ADAT3,113179,AR,,
ADCY1,107,AR,,
ADCY10,55811,AD,,
ADCY3,109,AR,,
ADCY5,111,AD/AR,,
ADCY6,112,AR,,
ADD3,120,AR,,
ADGRE2,30817,AD,,
ADGRG1,9289,AR,,
ADGRG2,10149,XL,,
ADGRG6,57211,AR,,
ADGRL1,22859,AD,,
ADGRV1,84059,AR/Digenic,,
ADH5,128,Digenic,,
ADIPOQ,9370,AD,,
ADK,132,AD,,
ADNP,23394,AD,,
ADPRS,54936,AR,,
ADRA2B,151,AD,,
ADRA2C,152,AD,,
ADRB1,153,AD,,
ADRB2,154,AD,,
ADSL,158,AR,,
ADSS1,122622,AR,,
AEBP1,165,AR,,
AFF2,2334,XL,,
AFF3,3899,AD,,
AFF4,27125,AD,,
AFG3L2,10939,AD/AR,,
AFP,174,AD/AR,,
AGA,175,AR,,
AGBL1,123624,AD,,
AGBL5,60509,AR,,
AGK,55750,AR,,
AGL,178,AR,,
AGMX2,179,XL,,
AGO1,26523,AD,,
AGPAT2,10555,AR,,
AGPS,8540,AR,,
AGRN,375790,AR,,
AGRP,181,AR,,
AGT,183,AR,,
AGTPBP1,23287,AR,,
AGTR1,185,AR,,
AGTR2,186,XL,,
AGXT,189,AR,,
AGXT2,64902,AR,,
AHCY,191,AR,,
AHDC1,27245,AD,,
AHI1,54806,AR,,
AHR,196,AR,,
AHSG,197,AR,,
AICDA,57379,AR,,
AIFM1,9131,XL,,
AIMP1,9255,AR,,
AIMP2,7965,AR,,
AIP,9049,AD,,
AIPL1,23746,AD/AR,,
AIRE,326,AD/AR,,
AK1,203,AR,,
AK2,204,AR,,
AK7,122481,AR,,
AKAP3,10566,AR,,
AKAP9,10142,AD,,
AKR1C2,1646,AR,,
AKR1D1,6718,AR,,
AKT1,207,AD,,
AKT2,208,AD,,
AKT3,10000,AD,,
ALAD,210,AR,,
ALAS2,212,XL,,
ALB,213,AD/AR,,
ALDH18A1,5832,AD/AR,,
ALDH1A2,8854,AR,,
ALDH1A3,220,AR,,
ALDH3A2,224,AR,,
ALDH4A1,8659,AR,,
ALDH5A1,7915,AR,,
ALDH6A1,4329,AR,,
ALDH7A1,501,AR,,
ALDOA,226,AR,,
ALDOB,229,AR,,
ALG1,56052,AR,,
ALG11,440138,AR,,
ALG12,79087,AR,,
ALG13,79868,XL,,
ALG14,199857,AR,,
ALG2,85365,AR,,
ALG3,10195,AR,,
ALG5,29880,AD,,
ALG6,29929,AR,,
ALG8,79053,AR,,
ALG9,79796,AR,,
ALK,238,AD,,
ALKBH8,91801,AR,,
ALMS1,7840,AR,,
ALOX12B,242,AR,,
ALOX5,240,AD,,
ALOXE3,59344,AR,,
ALPK1,80216,AD,,
ALPK3,57538,AD/AR,,
ALPL,249,AD/AR,,
ALS2,57679,AR,,
ALS2CL,259173,AD,,
ALX1,8092,AR,,
ALX3,257,AR,,
ALX4,60529,AD/AR,,
AMACR,23600,AR,,
AMBN,258,AR,,
AMCN,261,AR,,
AMELX,265,XL,,
AMER1,139285,XL,,
AMFR,267,AR,,
AMH,268,AR,,
AMHR2,269,AR,,
AMMECR1,9949,XL,,
AMN,81693,AR,,
AMPD1,270,AR,,
AMPD2,271,AR,,
AMPD3,272,AD/AR,,
AMT,275,AR,,
AMTN,401138,AD,,
ANAPC1,64682,AR,,
ANAPC7,51434,AR,,
ANG,283,AD,,
ANGPT1,284,AD,,
ANGPT2,285,AD,,
ANGPTL3,27329,AR,,
ANK1,286,AD/AR,,
ANK2,287,AD,,
ANK3,288,AR,,
ANKH,56172,AD,,
ANKLE2,23141,AR,,
ANKRD11,29123,AD,,
ANKRD17,26057,AD,,
ANKRD26,22852,AD,,
ANKS6,203286,AR,,
ANLN,54443,AD,,
ANO1,55107,AR,,
ANO10,55129,AR,,
ANO3,63982,AD,,
ANO5,203859,AD,,
ANO6,196527,AR,,
ANOS1,3730,XL/Digenic,,
ANTXR1,84168,AD/AR,,
ANTXR2,118429,AR,,
ANXA11,311,AD,,
AOPEP,84909,AR,,
AP1B1,162,AR,,
AP1G1,164,AD/AR,,
AP1S1,1174,AR,,
AP1S2,8905,XL,,
AP1S3,130340,AD,,
AP2M1,1173,AD,,
AP2S1,1175,AD,,
AP3B1,8546,AR,,
AP3B2,8120,AR,,
AP3D1,8943,AR,,
AP4B1,10717,AR,,
AP4E1,23431,AD/AR,,
AP4M1,9179,AR,,
AP4S1,11154,AR,,
AP5Z1,9907,AR,,
APC,324,AD,,
APC2,10297,AR,,
APCDD1,147495,AD,,
APOA1,335,AD/AR,,
APOA2,336,AR,,
APOA5,116519,AD/AR,,
APOB,338,AD/AR,,
APOC2,344,AR,,
APOC3,345,AD,,
APOE,348,AD/AR,,
APP,351,AD,,
APPL1,26060,AD,,
APRT,353,AR,,
APTX,54840,AR,,
AQP1,358,BG,,
AQP2,359,AD/AR,,
AQP3,360,BG,,
AQP4,361,AR,,
AQP5,362,AD,,
AR,367,XL,,
ARCN1,372,AD,,
ARF1,375,AD,,
ARFGEF1,10565,AD,,
ARFGEF2,10564,AR,,
ARG1,383,AR,,
ARHGAP31,57514,AD,,
ARHGAP36,158763,XL,,
ARHGDIA,396,AR,,
ARHGEF1,9138,AR,,
ARHGEF10,9639,AD,,
ARHGEF18,23370,AR,,
ARHGEF2,9181,AR,,
ARHGEF6,9459,XL,,
ARHGEF9,23229,XL,,
ARID1A,8289,AD,,
ARID1B,57492,AD,,
ARID2,196528,AD,,
ARL13B,200894,AR,,
ARL2,402,AD,,
ARL2BP,23568,AR,,
ARL3,403,AR,,
ARL6,84100,AR,,
ARL6IP1,23204,AR,,
ARMC2,84071,AR,,
ARMC5,79798,AD,,
ARMC9,80210,AR,,
ARNT2,9915,AR,,
ARPC1B,10095,AR,,
ARPC4,10093,AD,,
ARPC5,10092,AR,,
ARR3,407,XL,,
ARSA,410,AR,,
ARSB,411,AR,,
ARSG,22901,AR,,
ARSK,153642,AR,,
ARSL,415,XL,,
ART4,420,BG,,
ARV1,64801,AR,,
ARX,170302,XL,,
ASAH1,427,AR,,
ASB10,136371,AD,,
ASCC1,51008,AD,,
ASCL1,429,AD,,
ASH1L,55870,AD,,
ASIP,434,AD,,
ASL,435,AR,,
ASNS,440,AR,,
ASPA,443,AR,,
ASPH,444,AR,,
ASPM,259266,AR,,
ASPRV1,151516,AD,,
ASS1,445,AR,,
ASTL,431705,AR,,
ASXL1,171023,AD,,
ASXL2,55252,AD,,
ASXL3,80816,AD,,
ATAD1,84896,AR,,
ATAD3A,55210,AD/AR,,
ATCAY,85300,AR,,
ATF6,22926,AR,,
ATG7,10533,AR,,
ATIC,471,AR,,
ATL1,51062,AD,,
ATL3,25923,AD,,
ATM,472,AD/AR,,
ATN1,1822,AD,,
ATOH1,474,AD,,
ATOH7,220202,AR,,
ATP11A,23250,AD,,
ATP11C,286410,XL,,
ATP13A2,23400,AR,,
ATP13A3,79572,AR,,
ATP1A1,476,AD,,
ATP1A2,477,AD,,
ATP1A3,478,AD,,
ATP2A1,487,AR,,
ATP2A2,488,AD,,
ATP2B1,490,AD,,
ATP2B2,491,AD,,
ATP2B3,492,XL,,
ATP2C1,27032,AD,,
ATP5F1A,498,AD/AR,,
ATP5F1B,506,AD,,
ATP5F1E,514,AR,,
ATP5MC3,518,AD,,
ATP5MK,84833,AR,,
ATP5O,28080,AR,,
ATP6AP1,537,XL,,
ATP6AP2,10159,XL,,
ATP6V0A1,535,AD/AR,,
ATP6V0A2,23545,AR,,
ATP6V0A4,50617,AR,,
ATP6V0C,527,AD,,
ATP6V1A,523,AR,,
ATP6V1B1,525,AR,,
ATP6V1B2,526,AD,,
ATP6V1E1,529,AR,,
ATP7A,538,XL,,
ATP7B,540,AR,,
ATP8A2,51761,AR,,
ATP8B1,5205,AD/AR,,
ATP9A,10079,AR,,
ATPAF2,91647,AR,,
ATR,545,AD/AR,,
ATRX,546,XL,,
ATXN1,6310,AD,,
ATXN10,25814,AD,,
ATXN2,6311,AD,,
ATXN3,4287,AD,,
ATXN7,6314,AD,,
ATXN8,724066,AD,,
ATXN8OS,6315,AD,,
AUH,549,AR,,
AURKC,6795,AR,,
AUTS2,26053,AD,,
AVIL,10677,AR,,
AVP,551,AD/AR,,
AVPR2,554,XL,,
AXIN1,8312,AR,,
AXIN2,8313,AD,,
B2M,567,AD/AR,,
B3GALNT1,8706,BG,,
B3GALNT2,148789,AR,,
B3GALT6,126792,AR,,
B3GAT3,26229,AR,,
B3GLCT,145173,AR,,
B4GALNT1,2583,AR,,
B4GALNT2,124872,BG,,
B4GALT1,2683,AR,,
B4GALT7,11285,AR,,
B4GAT1,11041,AR,,
B9D1,27077,AR,,
B9D2,80776,AR,,
BAAT,570,AR,,
BACH2,60468,AD,,
BAG3,9531,AD,,
BAG5,9529,AR,,
BANF1,8815,AR,,
BAP1,8314,AD,,
BARD1,580,AD,,
BBIP1,92482,AR,,
BBS1,582,AR,,
BBS10,79738,AR,,
BBS12,166379,AR,,
BBS2,583,AR,,
BBS4,585,AR,,
BBS5,129880,AR,,
BBS7,55212,AR,,
BBS9,27241,AR,,
BCAM,4059,BG,,
BCAP31,10134,XL,,
BCAS3,54828,AR,,
BCAT2,587,AR,,
BCHE,590,AR,,
BCKDHA,593,AR,,
BCKDHB,594,AR,,
BCKDK,10295,AR,,
BCL10,8915,AR,,
BCL11A,53335,AD,,
BCL11B,64919,AD,,
BCO1,53630,AD,,
BCOR,54880,XL,,
BCORL1,63035,XL,,
BCR,613,AD,,
BCS1L,617,AR,,
BDNF,627,AD,,
BDP1,55814,AR,,
BEAN1,146227,AD,,
BEST1,7439,AD,,
BFSP1,631,AR,,
BFSP2,8419,AD/AR,,
BGN,633,XL,,
BHLHA9,727857,AR,,
BHLHE41,79365,AD,,
BICC1,80114,AD,,
BICD2,23299,AD,,
BIN1,274,AR,,
BLK,640,AD,,
BLM,641,AR,,
BLNK,29760,AR,,
BLOC1S3,388552,AR,,
BLOC1S5,63915,AR,,
BLOC1S6,26258,AR,,
BLVRA,644,AD/AR,,
BMP1,649,AR,,
BMP15,9210,XL,,
BMP2,650,AD,,
BMP4,652,AD,,
BMP6,654,AD/AR,,
BMPER,168667,AR,,
BMPR1A,657,AD,,
BMPR1B,658,AD/AR,,
BMPR2,659,AD,,
BMS1,9790,AD,,
BNC1,646,AD,,
BNC2,54796,AD,,
BOLA3,388962,AR,,
BPGM,669,AD/AR,,
BPNT2,54928,AR,,
BPTF,2186,AD,,
BRAF,673,AD,,
BRAT1,221927,AR,,
BRCA1,672,AD/AR,,
BRCA2,675,AD/AR,,
BRDT,676,AR,,
BRF1,2972,AR,,
BRIP1,83990,AD/AR,,
BRPF1,7862,AD,,
BRWD1,54014,AR,,
BRWD3,254065,XL,,
BSCL2,26580,AR,,
BSG,682,BG,,
BSND,7809,AR,,
BTD,686,AR,,
BTG4,54766,AR,,
BTK,695,XL,,
BUB1,699,AR,,
BUB1B,701,AD/AR,,
BVES,11149,AR,,
C11ORF80,79703,AR,,
C12ORF4,57102,AR,,
C12ORF57,113246,AR,,
C12ORF65,91574,AR,,
C14ORF39,317761,AR,,
C18ORF32,497661,AR,,
C19ORF12,83636,AD/AR,,
C1GALT1C1,29071,XL,,
C1QA,712,AR,,
C1QB,713,AR,,
C1QBP,708,AR,,
C1QC,714,AR,,
C1QTNF5,114902,AD,,
C1R,715,AD,,
C1S,716,AD/AR,,
C2,717,AR,,
C2CD3,26005,AR,,
C2CD6,151254,AR,,
C2ORF69,205327,AR,,
C3,718,AD/AR,,
C3ORF52,79669,AR,,
C4A,720,BG,,
C4B,721,AR,,
C5,727,AD/AR,,
C6,729,AR,,
C7,730,AR,,
C8A,731,AR,,
C8B,732,AR,,
C8ORF37,157657,AR,,
C9,735,AR,,
C9ORF72,203228,AD,,
CA12,771,AR,,
CA2,760,AR,,
CA4,762,AD,,
CA5A,763,AR,,
CA8,767,AR,,
CABP2,51475,AR,,
CABP4,57010,AR,,
CACNA1A,773,AD,,
CACNA1B,774,AD,,
CACNA1C,775,AD,,
CACNA1D,776,AD/AR,,
CACNA1E,777,AD,,
CACNA1F,778,XL,,
CACNA1G,8913,AD,,
CACNA1H,8912,AD,,
CACNA1I,8911,AD,,
CACNA1S,779,AD,,
CACNA2D2,9254,AR,,
CACNA2D4,93589,AR,,
CACNB2,783,AD,,
CACNB4,785,AD,,
CACNG2,10369,AD,,
CAD,790,AR,,
CADM3,57863,AD,,
CALCRL,10203,AR,,
CALM1,801,AD,,
CALM2,805,AD,,
CALM3,808,AD,,
CALR3,125972,AD,,
CAMK2A,815,AD/AR,,
CAMK2B,816,AD,,
CAMK2G,818,AR,,
CAMLG,819,AR,,
CAMSAP1,157922,AR,,
CAMTA1,23261,AD,,
CANT1,124583,AR,,
CAP2,10486,AR,,
CAPN1,823,AR,,
CAPN15,6650,AR,,
CAPN3,825,AD/AR,,
CAPN5,726,AD,,
CARD10,29775,AR,,
CARD11,84433,AD/AR,,
CARD14,79092,AD,,
CARD8,22900,AD,,
CARD9,64170,AR,,
CARMIL2,146206,AR,,
CARS1,833,AR,,
CARS2,79587,AR,,
CASK,8573,XL,,
CASP10,843,AD,,
CASP14,23581,AR,,
CASP8,841,AR,,
CASQ1,844,AD,,
CASQ2,845,AR,,
CASR,846,AD/AR,,
CAST,831,AR,,
CAT,847,AR,,
CATIP,375307,AR,,
CATSPER1,117144,AR,,
CAV1,857,AD/AR,,
CAV3,859,AD/Digenic,,
CAVIN1,284119,AR,,
CBFB,865,AD,,
CBL,867,AD,,
CBLB,868,AR,,
CBLIF,2694,AR,,
CBS,875,AR,,
CBX2,84733,AR,,
CC2D1A,54862,AR,,
CC2D2A,57545,AR,,
CCBE1,147372,AR,,
CCDC103,388389,AR,,
CCDC115,84317,AR,,
CCDC134,79879,AR,,
CCDC137,339230,AD,,
CCDC174,51244,AR,,
CCDC22,28952,XL,,
CCDC28B,79140,AD,,
CCDC32,90416,AR,,
CCDC34,91057,AR,,
CCDC39,339829,AR,,
CCDC40,55036,AR,,
CCDC47,57003,AR,,
CCDC50,152137,AD,,
CCDC62,84660,AR,,
CCDC65,85478,AR,,
CCDC78,124093,AD,,
CCDC8,83987,AR,,
CCDC88A,55704,AR,,
CCDC88C,440193,AD/AR,,
CCM2,83605,AD,,
CCN6,8838,AR,,
CCND2,894,AD,,
CCNF,899,AD,,
CCNK,8812,AD,,
CCNO,10309,AR,,
CCNQ,92002,XL,,
CCT5,22948,AR,,
CD151,977,BG,,
CD164,8763,AD,,
CD19,930,AR,,
CD207,50489,AD,,
CD247,919,AR,,
CD27,939,AR,,
CD2AP,23607,AR,,
CD320,51293,AR,,
CD36,948,AR,,
CD3D,915,AR,,
CD3E,916,AR,,
CD3G,917,AR,,
CD4,920,AR,,
CD40,958,AR,,
CD40LG,959,XL,,
CD44,960,BG,,
CD46,4179,AD/AR,,
CD55,1604,BG/AR,,
CD59,966,AR,,
CD70,970,AR,,
CD79A,973,AR,,
CD79B,974,AR,,
CD81,975,AR,,
CD8A,925,AR,,
CD96,10225,AD,,
CD99,4267,BG,,
CDAN1,146059,AR,,
CDC14A,8556,AR,,
CDC20,991,AR,,
CDC42,998,AD,,
CDC42BPB,9578,AD,,
CDC45,8318,AR,,
CDC6,990,AR,,
CDC73,79577,AD,,
CDCA7,83879,AR,,
CDH1,999,AD,,
CDH11,1009,AD/AR,,
CDH15,1013,AD,,
CDH2,1000,AD,,
CDH23,64072,AD/AR/Digenic,,
CDH3,1001,AR,,
CDHR1,92211,AR,,
CDIN1,84529,AR,,
CDK10,8558,AR,,
CDK13,8621,AD,,
CDK19,23097,AD,,
CDK4,1019,AD,,
CDK5,1020,AR,,
CDK5RAP2,55755,AR,,
CDK6,1021,AR,,
CDK8,1024,AD,,
CDKL5,6792,XL,,
CDKN1B,1027,AD,,
CDKN1C,1028,AD,,
CDKN2A,1029,AD,,
CDON,50937,AD,,
CDSN,1041,AD/AR,,
CDT1,81620,AR,,
CEACAM16,388551,AD/AR,,
CEBPA,1050,AD,,
CEBPE,1053,AR,,
CEL,1056,AD,,
CELA2A,63036,AD,,
CELF2,10659,AD,,
CELSR1,9620,AD,,
CENPE,1062,AR,,
CENPF,1063,AR,,
CENPJ,55835,AR,,
CENPT,80152,AR,,
CEP104,9731,AR,,
CEP112,201134,AR,,
CEP120,153241,AR,,
CEP135,9662,AR,,
CEP152,22995,AR,,
CEP164,22897,AR,,
CEP19,84984,AR,,
CEP250,11190,AR,,
CEP290,80184,AR,,
CEP41,95681,AR/Digenic,,
CEP55,55165,AR,,
CEP57,9702,AR,,
CEP63,80254,AR,,
CEP78,84131,AR,,
CEP83,51134,AR,,
CEP85L,387119,AD,,
CERKL,375298,AR,,
CERS1,10715,AR,,
CERS3,204219,AR,,
CERT1,10087,AD,,
CES1,1066,AD/AR,,
CETP,1071,AD/AR,,
CFAP251,144406,AR,,
CFAP298,56683,AR,,
CFAP300,85016,AR,,
CFAP410,755,AR,,
CFAP43,80217,AR,,
CFAP44,55779,AR,,
CFAP45,25790,AR,,
CFAP47,286464,XL,,
CFAP52,146845,AR,,
CFAP53,220136,AR,,
CFAP57,149465,AD,,
CFAP58,159686,AR,,
CFAP61,26074,AR,,
CFAP65,255101,AR,,
CFAP69,79846,AR,,
CFAP70,118491,AR,,
CFAP74,85452,AR,,
CFAP91,89876,AR,,
CFB,629,AD/AR,,
CFC1,55997,AD,,
CFD,1675,AR,,
CFH,3075,AD/AR,,
CFHR1,3078,AD/AR/Digenic,,
CFHR3,10878,AD/AR/Digenic,,
CFHR4,10877,AD/AR/Digenic,,
CFHR5,81494,AD,,
CFI,3426,AD/AR,,
CFL2,1073,AR,,
CFP,5199,XL,,
CFTR,1080,AR,,
CHAMP1,283489,AD,,
CHAT,1103,AR,,
CHCHD10,400916,AD,,
CHCHD2,51142,AD,,
CHD1,1105,AD,,
CHD2,1106,AD,,
CHD3,1107,AD,,
CHD4,1108,AD,,
CHD5,26038,AD,,
CHD7,55636,AD,,
CHD8,57680,AD,,
CHEK1,1111,AD,,
CHEK2,11200,AD/AR,,
CHIT1,1118,AR,,
CHKA,1119,AR,,
CHKB,1120,AR,,
CHM,1121,XL,,
CHMP1A,5119,AR,,
CHMP2B,25978,AD,,
CHMP4B,128866,AD,,
CHN1,1123,AD,,
CHP1,11261,AR,,
CHRDL1,91851,XL,,
CHRM3,1131,AR,,
CHRNA1,1134,AD/AR,,
CHRNA2,1135,AD,,
CHRNA3,1136,AR,,
CHRNA4,1137,AD,,
CHRNA7,1139,AD,,
CHRNB1,1140,AD/AR,,
CHRNB2,1141,AD,,
CHRND,1144,AD/AR,,
CHRNE,1145,AD/AR,,
CHRNG,1146,AR,,
CHST11,50515,AR,,
CHST14,113189,AR,,
CHST3,9469,AR,,
CHST6,4166,AR,,
CHST8,64377,AD,,
CHSY1,22856,AR,,
CHUK,1147,AR,,
CIB1,10519,AR,,
CIB2,10518,AR,,
CIBAR1,137392,AR,,
CIC,23152,AD,,
CIDEC,63924,AR,,
CIITA,4261,AR,,
CILK1,22858,AD/AR,,
CIROP,100128908,AR,,
CISD2,493856,AR,,
CIT,11113,AR,,
CITED2,10370,AD,,
CIZ1,25792,AD,,
CKAP2L,150468,AR,,
CLAM,373073,AR,,
CLCC1,23155,AR,,
CLCF1,23529,AR,,
CLCN1,1180,AD/AR,,
CLCN2,1181,AD,,
CLCN3,1182,AD/AR,,
CLCN4,1183,XL,,
CLCN5,1184,XL,,
CLCN6,1185,AD,,
CLCN7,1186,AD/AR,,
CLCNKA,1187,AR/Digenic,,
CLCNKB,1188,AR/Digenic,,
CLDN1,9076,AR,,
CLDN10,9071,AR,,
CLDN11,5010,AR,,
CLDN14,23562,AR,,
CLDN16,10686,AR,,
CLDN19,149461,AR,,
CLDN2,9075,XL,,
CLDN9,9080,AR,,
CLEC3B,7123,AD,,
CLEC7A,64581,AR,,
CLIC2,1193,XL,,
CLIC5,53405,AR,,
CLMP,79827,AR,,
CLN3,1201,AR,,
CLN5,1203,AR,,
CLN6,54982,AR,,
CLN8,2055,AR,,
CLP1,10978,AR,,
CLPB,81570,AD/AR,,
CLPP,8192,AR,,
CLPX,10845,AD,,
CLRN1,7401,AR,,
CLRN2,645104,AR,,
CLTC,1213,AD,59619895.0,59696956.0
CNBP,7555,AD,,
CNGA1,1259,AR,,
CNGA3,1261,AR,,
CNGB1,1258,AR,,
CNGB3,54714,AR,,
CNKSR2,22866,XL,,
CNNM2,54805,AR,,
CNNM4,26504,AR,,
CNOT1,23019,AD,,
CNOT2,4848,AD,,
CNOT3,4849,AD,,
CNP,1267,AR,,
CNPY3,10695,AR,,
CNTN1,1272,AR,,
CNTN2,6900,AR,,
CNTNAP1,8506,AR,,
CNTNAP2,26047,AR,,
COA3,28958,AR,,
COA5,493753,AR,,
COA6,388753,AR,,
COA7,65260,AR,,
COA8,84334,AR,,
COASY,80347,AR,,
COCH,1690,AR,,
COG1,9382,AR,,
COG2,22796,AR,,
COG3,83548,AR,,
COG4,25839,AR,,
COG5,10466,AR,,
COG6,57511,AR,,
COG7,91949,AR,,
COG8,84342,AR,,
COL10A1,1300,AD,,
COL11A1,1301,AD/AR,,
COL11A2,1302,AD/AR,,
COL12A1,1303,AD/AR,,
COL13A1,1305,AR,,
COL17A1,1308,AD/AR,,
COL18A1,80781,AD/AR,,
COL1A1,1277,AD,,
COL1A2,1278,AD/AR,,
COL25A1,84570,AR,,
COL27A1,85301,AR,,
COL2A1,1280,AD,,
COL3A1,1281,AD/AR,,
COL4A1,1282,AD,,
COL4A2,1284,AD,,
COL4A3,1285,AD/AR,,
COL4A4,1286,AD/AR,,
COL4A5,1287,XL,,
COL4A6,1288,XL,,
COL5A1,1289,AD,,
COL5A2,1290,AD,,
COL6A1,1291,AD/AR,,
COL6A2,1292,AD/AR,,
COL6A3,1293,AD/AR,,
COL7A1,1294,AD/AR,,
COL8A2,1296,AD,,
COL9A1,1297,AR,,
COL9A2,1298,AR,,
COL9A3,1299,AR,,
COLEC10,10584,AR,,
COLEC11,78989,AR,,
COLGALT1,79709,AR,,
COLQ,8292,AR,,
COMP,1311,AD,,
COMT,1312,AD,,
COPA,1314,AD,,
COPB1,1315,AD,,
COPB2,9276,AD/AR,,
COQ2,27235,AR,,
COQ4,51117,AR,,
COQ5,84274,AR,,
COQ6,51004,AR,,
COQ7,10229,AR,,
COQ8A,56997,AR,,
COQ8B,79934,AR,,
COQ9,57017,AR,,
CORIN,10699,AD,,
CORO1A,11151,AR,,
COX10,1352,AR,,
COX14,84987,AR,,
COX15,1355,AR,,
COX16,51241,AR,,
COX20,116228,AR,,
COX4I1,1327,AR,,
COX4I2,84701,AR,,
COX5A,9377,AR,,
COX6A1,1337,AR,,
COX6A2,1339,AR,,
COX6B1,1340,AR,,
COX7B,1349,XL,,
COX8A,1351,AR,,
CP,1356,AR,,
CPA6,57094,AR,,
CPAMD8,27151,AR,,
CPE,1363,AR,,
CPLANE1,65250,AR,,
CPLX1,10815,AR,,
CPN1,1369,AR,,
CPOX,1371,AD/AR,,
CPS1,1373,AR,,
CPSF1,29894,AD,,
CPSF3,51692,AR,,
CPT1A,1374,AR,,
CPT1C,126129,AD,,
CPT2,1376,AR,,
CR1,1378,BG,,
CR2,1380,AR,,
CRADD,8738,AR,,
CRAT,1384,AR,,
CRB1,23418,AD/AR,,
CRB2,286204,AR,,
CRBN,51185,AR,,
CREB3L1,90993,AR,,
CREB3L3,84699,AD,,
CREBBP,1387,AD,,
CRELD1,78987,AD,,
CRIPT,9419,AR,,
CRLF1,9244,AR,,
CRLS1,54675,AR,,
CRPPA,729920,AR,,
CRTAP,10491,AR,,
CRX,1406,AD/AR,,
CRY1,1407,AD,,
CRYAA,1409,AD/AR,,
CRYAB,1410,AD,,
CRYBA1,1411,AD,,
CRYBA2,1412,AD,,
CRYBA4,1413,AD,,
CRYBB1,1414,AD/AR,,
CRYBB2,1415,AD,,
CRYBB3,1417,AD/AR,,
CRYGB,1419,AD,,
CRYGC,1420,AD,,
CRYGD,1421,AD,,
CRYGS,1427,AD,,
CRYM,1428,AD,,
CSF1R,1436,AD/AR,,
CSF2RA,1438,XL,,
CSF2RB,1439,AR,,
CSF3R,1441,AR,,
CSGALNACT1,55790,AR,,
CSNK1D,1453,AD,,
CSNK2A1,1457,AD,,
CSNK2B,1460,AD,,
CSPP1,79848,AR,,
CSRP3,8048,AD,,
CST3,1471,AD,,
CST6,1474,AR,,
CSTA,1475,AR,,
CSTB,1476,AR,,
CT55,54967,XL,,
CTBP1,1487,AD,,
CTC1,80169,AR,,
CTCF,10664,AD,,
CTDP1,9150,AR,,
CTH,1491,AR,,
CTHRC1,115908,AD,,
CTLA4,1493,AD,,
CTNNA1,1495,AD,,
CTNNA2,1496,AR,,
CTNNA3,29119,AD,,
CTNNB1,1499,AD,,
CTNNBL1,56259,AR,,
CTNND1,1500,AD,,
CTNS,1497,AR,,
CTPS1,1503,AR,,
CTSA,5476,AR,,
CTSB,1508,AD,,
CTSC,1075,AR,,
CTSD,1509,AR,,
CTSF,8722,AR,,
CTSK,1513,AR,,
CTU2,348180,AR,,
CUBN,8029,AR,,
CUL3,8452,AD,,
CUL4B,8450,XL,,
CUL7,9820,AR,,
CUX1,1523,AD,,
CUX2,23316,AD,,
CWC27,10283,AR,,
CWF19L1,55280,AR,,
CXCR4,7852,AD,,
CYB561,1534,AR,,
CYB5A,1528,AR,,
CYB5R3,1727,AR,,
CYBA,1535,AR,,
CYBB,1536,XL,,
CYBC1,79415,AR,,
CYC1,1537,AR,,
CYCS,54205,AD,,
CYFIP2,26999,AD,,
CYLD,1540,AD,,
CYP11A1,1583,AD/AR,,
CYP11B1,1584,AD/AR,,
CYP11B2,1585,AD/AR,,
CYP17A1,1586,AR,,
CYP19A1,1588,AD/AR,,
CYP1A2,1544,AD,,
CYP1B1,1545,AR,,
CYP21A2,1589,AR,,
CYP24A1,1591,AR,,
CYP26C1,340665,AR,,
CYP27A1,1593,AR,,
CYP27B1,1594,AR,,
CYP2A6,1548,AD,,
CYP2B6,1555,AD,,
CYP2C19,1557,AD,,
CYP2C8,1558,AD/AR,,
CYP2C9,1559,AD,,
CYP2D6,1565,AD,,
CYP2R1,120227,AR,,
CYP2U1,113612,AR,,
CYP3A4,1576,AD,,
CYP3A5,1577,AD,,
CYP4F2,8529,AD,,
CYP4F22,126410,AR,,
CYP4V2,285440,AR,,
CYP7B1,9420,AR,,
CYTB,4519,Maternal,,
D2HGDH,728294,AR,,
DAAM2,23500,AR,,
DAB1,1600,AD,,
DACT1,51339,AD,,
DAG1,1605,AR,,
DALRD3,55152,AR,,
DARS1,1615,AR,,
DARS2,55157,AR,,
DAW1,164781,AR,,
DBH,1621,AR,,
DBR1,51163,AR,,
DBT,1629,AR,,
DCAF17,80067,AR,,
DCAF8,50717,AD,,
DCC,1630,AD/AR,,
DCDC2,51473,AR,,
DCHS1,8642,AD/AR,,
DCLRE1B,64858,AR,,
DCLRE1C,64421,AR,,
DCN,1634,AD,,
DCPS,28960,AR,,
DCT,1638,AR,,
DCTN1,1639,AD,,
DCX,1641,XL,,
DCXR,51181,AR,,
DDB1,1642,AD,,
DDB2,1643,AR,,
DDC,1644,AR,,
DDHD1,80821,AR,,
DDHD2,23259,AR,,
DDOST,1650,AR,,
DDR2,4921,AD,,
DDRGK1,65992,AR,,
DDX11,1663,AR,,
DDX3X,1654,XL,,
DDX41,51428,AD,,
DDX58,23586,AD,,
DDX59,83479,AR,,
DDX6,1656,AD,,
DEAF1,10522,AD/AR,,
DECR1,1666,AR,,
DEF6,50619,AR,,
DEGS1,8560,AR,,
DENND5A,23258,AR,,
DEPDC5,9681,AR,,
DES,1674,AD/AR,,
DGAT1,8694,AR,,
DGCR2,9993,AD,,
DGKE,8526,AR,,
DGUOK,1716,AR,,
DHCR24,1718,AR,,
DHCR7,1717,AR,,
DHDDS,79947,AD/AR,,
DHFR,1719,AR,,
DHH,50846,AD/AR,,
DHODH,1723,AR,,
DHPS,1725,AR,,
DHTKD1,55526,AD/AR,,
DHX16,8449,AD,,
DHX30,22907,AD,,
DHX37,57647,AD/AR,,
DHX38,9785,AR,,
DIABLO,56616,AD,,
DIAPH1,1729,AD,,
DIAPH2,1730,XL,,
DIAPH3,81624,AD,,
DICER1,23405,AD,,
DIO1,1733,AD,,
DIP2B,57609,AD,,
DIS3L2,129563,AR,,
DKC1,1736,XL,,
DLAT,1737,AR,,
DLD,1738,AR,,
DLG3,1741,XL,,
DLG4,1742,AD,,
DLL1,28514,AD,,
DLL3,10683,AR,,
DLL4,54567,AD,,
DLST,1743,AD,,
DLX3,1747,AD,,
DLX4,1748,AD,,
DLX5,1749,AD/AR,,
DMD,1756,XL,,
DMGDH,29958,AR,,
DMP1,1758,AR,,
DMPK,1760,AD/AR,,
DMXL2,23312,AR,,
DNA2,1763,AD/AR,,
DNAAF1,123872,AR,,
DNAAF11,23639,AR,,
DNAAF2,55172,AR,,
DNAAF3,352909,AR,,
DNAAF4,161582,AR,,
DNAAF5,54919,AR,,
DNAAF6,139212,XL,,
DNAH1,25981,AR,,
DNAH10,196385,AR,,
DNAH11,8701,AR,,
DNAH17,8632,AR,,
DNAH2,146754,AR,,
DNAH5,1767,AR,,
DNAH7,56171,AR,,
DNAH8,1769,AR,,
DNAH9,1770,AR,,
DNAI1,27019,AR,,
DNAI2,64446,AR,,
DNAJB11,51726,AD,,
DNAJB13,374407,AR,,
DNAJB2,3300,AR,,
DNAJB4,11080,AR,,
DNAJB6,10049,AD,,
DNAJC12,56521,AR,,
DNAJC13,23317,AD,,
DNAJC19,131118,AR,,
DNAJC21,134218,AR,,
DNAJC3,5611,AR,,
DNAJC30,84277,AR,,
DNAJC5,80331,AD,,
DNAJC6,9829,AR,,
DNAL1,83544,AR,,
DNAL4,10126,AR,,
DNALI1,7802,AR,,
DNASE1L3,1776,AR,,
DNASE2,1777,AR,,
DNHD1,144132,AR,,
DNM1,1759,AD/AR,,
DNM1L,10059,AD/AR,,
DNM2,1785,AD/AR,,
DNMBP,23268,AR,,
DNMT1,1786,AD,,
DNMT3A,1788,AD,,
DNMT3B,1789,AR,,
DOCK11,139818,XL,,
DOCK2,1794,AR,,
DOCK3,1795,AR,,
DOCK6,57572,AR,,
DOCK7,85440,AR,,
DOCK8,81704,AR,,
DOHH,83475,AR,,
DOK7,285489,AR,,
DOLK,22845,AR,,
DONSON,29980,AR,,
DPAGT1,1798,AR,,
DPF2,5977,AD,,
DPH1,1801,AR,,
DPH2,1802,AR,,
DPH5,51611,AR,,
DPM1,8813,AR,,
DPM2,8818,AR,,
DPM3,54344,AR,,
DPP6,1804,AD,,
DPP9,91039,AR,,
DPY19L2,283417,AR,,
DPYD,1806,AR,,
DPYS,1807,AR,,
DPYSL5,56896,AD,,
DRAM2,128338,AR,,
DRC1,92749,AR,,
DRD2,1813,AD,,
DSC2,1824,AD/AR,,
DSC3,1825,AR,,
DSE,29940,AR,,
DSG1,1828,AR,,
DSG2,1829,AD,,
DSG3,1830,AR,,
DSG4,147409,AR,,
DSP,1832,AD/AR,,
DSPP,1834,AD,,
DST,667,AR,,
DSTYK,25778,AD,,
DTNA,1837,AD,,
DTNBP1,84062,AR,,
DTYMK,1841,AR,,
DUOX2,50506,AD/AR,,
DUOXA2,405753,AR,,
DUSP6,1848,AD/Digenic,,
DUT,1854,AR,,
DUX4,100288687,Digenic,,
DVL1,1855,AD,,
DVL3,1857,AD,,
DYM,54808,AR,,
DYNC1H1,1778,AD,,
DYNC2H1,79659,AR/Digenic,,
DYNC2I1,55112,AR,,
DYNC2I2,89891,AR,,
DYNC2LI1,51626,AR,,
DYNLT2B,255758,AR,,
DYRK1A,1859,AD,,
DYRK1B,9149,AD,,
DYSF,8291,AR,,
DZIP1,22873,AD,,
DZIP1L,199221,AR,,
EARS2,124454,AR,,
EBF3,253738,AD,,
EBP,10682,XL,,
ECE1,1889,AD,,
ECEL1,9427,AR,,
ECHS1,1892,AR,,
ECM1,1893,AR,,
EDA,1896,XL,,
EDAR,10913,AD/AR,,
EDARADD,128178,AD/AR,,
EDC3,80153,AR,,
EDEM3,80267,AR,,
EDN1,1906,AD/AR,,
EDN3,1908,AD/AR,,
EDNRA,1909,AD,,
EDNRB,1910,AD/AR,,
EED,8726,AD,,
EEF1A2,1917,AD,,
EEF2,1938,AD,,
EFEMP1,2202,AD,,
EFEMP2,30008,AR,,
EFHC1,114327,AD,,
EFL1,79631,AR,,
EFNB1,1947,XL,,
EFTUD2,9343,AD,,
EGF,1950,AR,,
EGFR,1956,AR,,
EGLN1,54583,AD,,
EGR2,1959,AD/AR,,
EHHADH,1962,AD,,
EHMT1,79813,AD,,
EIF2AK1,27102,AD,,
EIF2AK2,5610,AD/AR,,
EIF2AK3,9451,AR,,
EIF2AK4,440275,AR,,
EIF2B1,1967,AR,,
EIF2B2,8892,AR,,
EIF2B3,8891,AR,,
EIF2B4,8890,AR,,
EIF2B5,8893,AR,,
EIF2S3,1968,XL,,
EIF3F,8665,AR,,
EIF4A2,1974,AD/AR,,
EIF4A3,9775,AR,,
EIF4E,1977,AD,,
EIF4G1,1981,AD,,
ELAC2,60528,AR,,
ELANE,1991,AD,,
ELF4,2000,XL,,
ELMO2,63916,AR,,
ELMOD3,84173,AR,,
ELN,2006,AD,,
ELOVL1,64834,AD,,
ELOVL4,6785,AD/AR,,
ELOVL5,60481,AD,,
ELP1,8518,AR,,
ELP2,55250,AR,,
ELP4,26610,AD,,
EMC1,23065,AR,,
EMC10,284361,AR,,
EMD,2010,XL,,
EMG1,10436,AR,,
EMILIN1,11117,AD,,
EML1,2009,AR,,
EMP2,2013,AR,,
EMX2,2018,AD,,
EN1,2019,AR,,
ENAM,10117,AD/AR,,
ENG,2022,AD,,
ENO3,2027,AR,,
ENPP1,5167,AR,,
ENTPD1,953,AR,,
EOGT,285203,AR,,
EP300,2033,AD,,
EPAS1,2034,AD,,
EPB41,2035,AR,,
EPB41L1,2036,AD,,
EPB42,2038,AR,,
EPCAM,4072,AD/AR,,
EPG5,57724,AR,,
EPHA10,284656,AD,,
EPHA2,1969,AD,,
EPHB2,2048,AR,,
EPHB4,2050,AD,,
EPHX1,2052,AR,,
EPM2A,7957,AR,,
EPO,2056,AD/AR,,
EPOR,2057,AD,,
EPRS1,2058,AR,,
EPS8,2059,AR,,
EPS8L2,64787,AR,,
EPS8L3,79574,AD,,
EPX,8288,AR,,
ERAL1,26284,AR,,
ERBB2,2064,AR,,
ERBB3,2065,AD/AR,,
ERBB4,2066,AD,,
ERCC1,2067,AR,,
ERCC2,2068,AR,,
ERCC3,2071,AR,,
ERCC4,2072,AR,,
ERCC5,2073,AR,,
ERCC6,2074,AD/AR,,
ERCC6L2,375748,AR,,
ERCC8,1161,AR,,
ERF,2077,AD,,
ERG,2078,AD,,
ERGIC1,57222,AR,,
ERLIN1,10613,AR,,
ERLIN2,11160,AD/AR,,
ERMAP,114625,BG,,
ERMARD,55780,AD,,
ESAM,90952,AD/AR,,
ESCO2,157570,AR,,
ESPN,83715,AD/AR,,
ESR1,2099,AR,,
ESR2,2100,AR,,
ESRP1,54845,AR,,
ESRRB,2103,AR,,
ETFA,2108,AR,,
ETFB,2109,AR,,
ETFDH,2110,AR,,
ETHE1,23474,AR,,
ETV6,2120,AD,,
EVC,2121,AR,,
EVC2,132884,AR,,
EXOC2,55770,AR,,
EXOC6B,23233,AR,,
EXOSC1,51013,AR,,
EXOSC2,23404,AR,,
EXOSC3,51010,AR,,
EXOSC5,56915,AR,,
EXOSC8,11340,AR,,
EXOSC9,5393,AR,,
EXPH5,23086,AR,,
EXT1,2131,AD,,
EXT2,2132,AD,,
EXTL3,2137,AR,,
EYA1,2138,AD,,
EYA4,2070,AD,,
EYS,346007,AR,,
EZH2,2146,AD,,
F10,2159,AR,,
F11,2160,AD/AR,,
F12,2161,AD/AR,,
F13A1,2162,AR,,
F13B,2165,AR,,
F2,2147,AD/AR,,
F5,2153,AD/AR,,
F7,2155,AR,,
F8,2157,XL,,
F9,2158,XL,,
FA2H,79152,AR,,
FAAHP1,729041,AD,,
FADD,8772,AR,,
FAH,2184,AR,,
FAM111A,63901,AD,,
FAM111B,374393,AD,,
FAM126A,84668,AR,,
FAM149B1,317662,AR,,
FAM161A,84140,AR,,
FAM20A,54757,AR,,
FAM20C,56975,AR,,
FAM50A,9130,XL,,
FAM83H,286077,AD,,
FAN1,22909,AR,,
FANCA,2175,AR,,
FANCB,2187,XL,,
FANCC,2176,AR,,
FANCD2,2177,AR,,
FANCE,2178,AR,,
FANCF,2188,AR,,
FANCG,2189,AR,,
FANCI,55215,AR,,
FANCL,55120,AR,,
FANCM,57697,AR,,
FAR1,84188,AD/AR,,
FARS2,10667,AR,,
FARSA,2193,AR,,
FARSB,10056,AR,,
FAS,355,AD/AR,,
FASLG,356,AD,,
FASTKD2,22868,AR,,
FAT2,2196,AD,,
FAT4,79633,AR,,
FBLN1,2192,AD,,
FBLN5,10516,AD/AR,,
FBN1,2200,AD,,
FBN2,2201,AD,,
FBP1,2203,AR,,
FBP2,8789,AD,,
FBXL3,26224,AR,,
FBXL4,26235,AR,,
FBXO11,80204,AD,,
FBXO28,23219,AD,,
FBXO31,79791,AR,,
FBXO38,81545,AD,,
FBXO43,286151,AR,,
FBXO7,25793,AR,,
FBXW11,23291,AD,,
FCGR3A,2214,AR,,
FCHO1,23149,AR,,
FCMTE2,554188,AD,,
FCN3,8547,AR,,
FCSK,197258,AR,,
FDFT1,2222,AR,,
FDPS,2224,AD,,
FDX2,112812,AR,,
FDXR,2232,AR,,
FECH,2235,AD/AR,,
FERMT1,55612,AR,,
FERMT3,83706,AR,,
FEZF1,389549,AR,,
FGA,2243,AD/AR,,
FGB,2244,AD/AR,,
FGD1,2245,XL,,
FGD4,121512,AR,,
FGF10,2255,AD,,
FGF12,2257,AD,,
FGF13,2258,XL,,
FGF14,2259,AD,,
FGF16,8823,XL,,
FGF17,8822,AD/Multigenic,,
FGF20,26281,AR,,
FGF23,8074,AD/AR,,
FGF3,2248,AR,,
FGF5,2250,AR,,
FGF8,2253,AD/Digenic,,
FGF9,2254,AD,,
FGFR1,2260,AD,,
FGFR2,2263,AD,,
FGFR3,2261,AD/AR,,
FGG,2266,AD/AR,,
FH,2271,AD,,
FHL1,2273,XL,,
FHOD3,80206,AD,,
FIBP,9158,AR,,
FIG4,9896,AD/AR,,
FIGLA,344018,AD,,
FITM2,128486,AR,,
FKBP10,60681,AR,,
FKBP14,55033,AR,,
FKBP6,8468,AR,,
FKRP,79147,AR,,
FKTN,2218,AR,,
FLAD1,80308,AR,,
FLCN,201163,AD,,
FLG,2312,AD/AR,,
FLG2,388698,AR,,
FLI1,2313,AD/AR,,
FLNA,2316,XL,,
FLNB,2317,AD/AR,,
FLNC,2318,AD,,
FLRT3,23767,AD/Digenic/Multigenic,,
FLT4,2324,AD/AR,,
FLVCR1,28982,AR,,
FLVCR2,55640,AR,,
FMN2,56776,AR,,
FMO3,2328,AR,,
FMR1,2332,XL,,
FN1,2335,AD,,
FNIP1,96459,AR,,
FOCAD,54914,AR,,
FOLR1,2348,AR,,
FOXC1,2296,AD,,
FOXC2,2303,AD,,
FOXE1,2304,AD/AR,,
FOXE3,2301,AD/AR,,
FOXF1,2294,AD,,
FOXG1,2290,AD,,
FOXH1,8928,AD,,
FOXI1,2299,AR,,
FOXI3,344167,AD/AR,,
FOXJ1,2302,AD,,
FOXL1,2300,AD,,
FOXL2,668,AD,,
FOXN1,8456,AD/AR,,
FOXP1,27086,AD,,
FOXP2,93986,AD,,
FOXP3,50943,XL,,
FOXRED1,55572,AR,,
FRA10AC1,118924,AR,,
FRAS1,80144,AR,,
FREM1,158326,AD/AR,,
FREM2,341640,AR,,
FRMD4A,55691,AR,,
FRMD5,84978,AD,,
FRMD7,90167,XL,,
FRMPD4,9758,XL,,
FRRS1L,23732,AR,,
FSCN2,25794,AD,,
FSHB,2488,AR,,
FSHMD1A,2489,AD/AR,,
FSHR,2492,AD/AR,,
FSIP2,401024,AR,,
FTCD,10841,AR,,
FTH1,2495,AD,,
FTL,2512,AD/AR,,
FTO,79068,AR,,
FTSJ1,24140,XL,,
FUCA1,2517,AR,,
FUS,2521,AD/AR,,
FUT1,2523,BG,,
FUT2,2524,BG,,
FUT3,2525,AD,,
FUT6,2528,AR,,
FUT8,2530,AR,,
FUZ,80199,AD,,
FXN,2395,AR,,
FXR1,8087,AR,,
FXYD2,486,AD,,
FYB1,2533,AR,,
FYCO1,79443,AR,,
FZD2,2535,AD,,
FZD4,8322,AD/Digenic,,
FZD6,8323,AR,,
G6PC1,2538,AR,,
G6PC3,92579,AR,,
G6PD,2539,XL,,
GAA,2548,AR,,
GAB1,2549,AR,,
GABBR1,2550,AD,,
GABBR2,9568,AD,,
GABRA1,2554,AD,,
GABRA2,2555,AD,,
GABRA5,2558,AD,,
GABRB1,2560,AD,,
GABRB2,2561,AD,,
GABRB3,2562,AD,,
GABRG2,2566,AD,,
GAD1,2571,AR,,
GAL,51083,AD,,
GALC,2581,AR,,
GALE,2582,AR,,
GALK1,2584,AR,,
GALM,130589,AR,,
GALNS,2588,AR,,
GALNT12,79695,AD,,
GALNT2,2590,AR,,
GALNT3,2591,AR,,
GALT,2592,AR,,
GAMT,2593,AR,,
GAN,8139,AR,,
GANAB,23193,AD,,
GARS1,2617,AD,,
GAS1,2619,AD,,
GAS8,2622,AR,,
GATA1,2623,XL,,
GATA2,2624,AD,,
GATA3,2625,AD,,
GATA4,2626,AD,,
GATA5,140628,AD,,
GATA6,2627,AD,,
GATAD1,57798,AR,,
GATAD2B,57459,AD,,
GATB,5188,AR,,
GATC,283459,AR,,
GATM,2628,AD/AR,,
GBA,2629,AR,,
GBA2,57704,AR,,
GBE1,2632,AR,,
GBF1,8729,AD,,
GCDH,2639,AR,,
GCGR,2642,AR,,
GCH1,2643,AD/AR,,
GCK,2645,AD/AR,,
GCLC,2729,AR,,
GCM2,9247,AD/AR,,
GCNA,93953,XL,,
GCNT2,2651,BG/AR,,
GCSH,2653,AR,,
GDAP1,54332,AD/AR,,
GDAP2,54834,AR,,
GDF1,2657,AD/AR,,
GDF11,10220,AD,,
GDF2,2658,AD,,
GDF3,9573,AD/Digenic,,
GDF5,8200,AD/AR,,
GDF6,392255,AD/AR/Digenic,,
GDF9,2661,AR,,
GDI1,2664,XL,,
GDNF,2668,AD,,
GEMIN4,50628,AR,,
GEMIN5,25929,AR,,
GET3,439,AR,,
GET4,51608,AR,,
GFAP,2670,AD,,
GFER,2671,AR,,
GFI1,2672,AD,,
GFI1B,8328,AD,,
GFM1,85476,AR,,
GFM2,84340,AR,,
GFPT1,2673,AR,,
GFRA1,2674,AR,,
GGCX,2677,AD/AR/Digenic,,
GGN,199720,AR,,
GGPS1,9453,AR,,
GGT1,2678,AR,,
GH1,2688,AD/AR,,
GHR,2690,AD/AR,,
GHRHR,2692,AR,,
GHSR,2693,AD/AR,,
GIGYF2,26058,AD,,
GIMAP5,55340,AR,,
GINS1,9837,AR,,
GIPC1,10755,AD,,
GIPC3,126326,AR,,
GJA1,2697,AD/AR,,
GJA3,2700,AD,,
GJA5,2702,AD/Digenic,,
GJA8,2703,AD/AR,,
GJB1,2705,XL,,
GJB2,2706,AD/AR/Digenic,,
GJB3,2707,AD/Digenic,,
GJB4,127534,AD,,
GJB6,10804,AR/Digenic,,
GJC2,57165,AD/AR,,
GK,2710,XL,,
GLA,2717,XL,,
GLB1,2720,AR,,
GLDC,2731,AR,,
GLDN,342035,AR,,
GLE1,2733,AR,,
GLI1,2735,AR,,
GLI2,2736,AD,,
GLI3,2737,AD,,
GLIS2,84662,AR,,
GLIS3,169792,AR,,
GLMN,11146,AD,,
GLRA1,2741,AD/AR,,
GLRA2,2742,XL,,
GLRB,2743,AR,,
GLRX5,51218,AR,,
GLS,2744,AD/AR,,
GLUD1,2746,AD,,
GLUL,2752,AR,,
GLYCTK,132158,AR,,
GM2A,2760,AR,,
GMNN,51053,AD,,
GMPPA,29926,AR,,
GMPPB,29925,AR,,
GNA11,2767,AD,,
GNAI1,2770,AD,,
GNAI3,2773,AD,,
GNAL,2774,AD,,
GNAO1,2775,AD,,
GNAS,2778,AD,,
GNAT1,2779,AD/AR,,
GNAT2,2780,AR,,
GNB1,2782,AD,,
GNB2,2783,AD,,
GNB3,2784,AR,,
GNB4,59345,AD,,
GNB5,10681,AR,,
GNE,10020,AD/AR,,
GNMT,27232,AR,,
GNPAT,8443,AR,,
GNPNAT1,64841,AR,,
GNPTAB,79158,AR,,
GNPTG,84572,AR,,
GNRH1,2796,AR/Digenic,,
GNRHR,2798,AD/AR/Digenic,,
GNS,2799,AR,,
GOLGA2,2801,AR,,
GON7,84520,AR,,
GORAB,92344,AR,,
GOSR2,9570,AR,,
GOT2,2806,AR,,
GP1BA,2811,AD/AR,,
GP1BB,2812,AR,,
GP6,51206,AR,,
GP9,2815,AR,,
GPAA1,8733,AR,,
GPC3,2719,XL,,
GPC4,2239,XL,,
GPC6,10082,AR,,
GPD1,2819,AR,,
GPD1L,23171,AD,,
GPHN,10243,AD/AR,,
GPI,2821,AD,,
GPIHBP1,338328,AR,,
GPNMB,10457,AR,,
GPR101,83550,XL,,
GPR143,4935,XL,,
GPR156,165829,AR,,
GPR161,23432,Ad,,
GPR179,440435,AR,,
GPR68,8111,AR,,
GPR88,54112,AR,,
GPRASP2,114928,XL,,
GPRC5B,51704,AD,,
GPSM2,29899,AR,,
GPT2,84706,AR,,
GPX4,2879,AR,,
GRAP,10750,AR,,
GREB1L,80000,AD,,
GREM1,26585,AD,,
GREM2,64388,AD,,
GRHL2,79977,AD/AR,,
GRHL3,57822,AD,,
GRHPR,9380,AR,,
GRIA1,2890,AD/AR,,
GRIA2,2891,AD,,
GRIA3,2892,XL,,
GRIA4,2893,AD,,
GRID2,2895,AR,,
GRIK2,2898,AD/AR,,
GRIK4,2900,AD,,
GRIN1,2902,AD/AR,,
GRIN2A,2903,AD,,
GRIN2B,2904,AD,,
GRIN2D,2906,AD,,
GRIP1,23426,AR,,
GRK1,6011,AR,,
GRM1,2911,AD/AR,,
GRM6,2916,AR,,
GRM7,2917,AR,,
GRN,2896,AD/AR,,
GRXCR1,389207,AR,,
GRXCR2,643226,AR,,
GSC,145258,AR,,
GSDME,1687,AD,,
GSN,2934,AD,,
GSR,2936,AR,,
GSS,2937,AR,,
GSTZ1,2954,AR,,
GTF2E2,2961,AR,,
GTF2H5,404672,AR,,
GTPBP2,54676,AR,,
GTPBP3,84705,AR,,
GUCA1A,2978,AD,,
GUCA1B,2979,AD,,
GUCY1A1,2982,AR,,
GUCY2C,2984,AD/AR,,
GUCY2D,3000,AD/AR,,
GUF1,60558,AR,,
GUSB,2990,AR,,
GYG1,2992,AR,,
GYPA,2993,BG,,
GYPB,2994,BG,,
GYPC,2995,BG,,
GYS1,2997,AR,,
GYS2,2998,AR,,
GZF1,64412,AR,,
H1-4,3008,AD,,
H19,283120,AD (with imprinting),,
H3-3A,3020,AD,,
H3-3B,3021,AD,,
H4C11,8363,AD,,
H4C3,8364,AD,,
H4C5,8367,AD,,
H4C9,8294,AD,,
H6PD,9563,AR,,
HAAO,23498,AR,,
HABP2,3026,AD,,
HACD1,9200,AR,,
HACE1,57531,AR,,
HADH,3033,AR,,
HADHA,3030,AR,,
HADHB,3032,AR,,
HAL,3034,AR,,
HAMP,57817,AR,,
HARS1,3035,AR,,
HARS2,23438,AR,,
HAVCR2,84868,AR,,
HAX1,10456,AR,,
HBA1,3039,AD/AR/Digenic,,
HBA2,3040,AD/AR/Digenic,,
HBB,3043,AD/AR/Digenic,,
HBG1,3047,AD,,
HBG2,3048,AD,,
HCCS,3052,XL,,
HCFC1,3054,XL,,
HCK,3055,AD,,
HCN1,348980,AD,,
HCN2,610,AD,,
HCN4,10021,AD,,
HCRT,3060,AD,,
HDAC4,9759,AD,,
HDAC6,10013,XL,,
HDAC8,55869,XL,,
HDAC9,9734,AD,,
HDC,3067,AD,,
HEATR3,55027,AR,,
HECTD4,283450,AR,,
HECW2,57520,AD,,
HELLS,3070,AR,,
HEPACAM,220296,AD/AR,,
HEPHL1,341208,AR,,
HERC1,8925,AR,,
HERC2,8924,AD/AR,,
HES7,84667,AR,,
HESX1,8820,AD/AR,,
HEXA,3073,AR,,
HEXB,3074,AR,,
HFE,3077,AR/Digenic,,
HFM1,164045,AR,,
HGD,3081,AR,,
HGF,3082,AR,,
HGSNAT,138050,AR,,
HHAT,55733,AR,,
HIBCH,26275,AR,,
HID1,283987,AR,,
HIKESHI,51501,AR,,
HINT1,3094,AR,,
HIVEP2,3097,AD,,
HJV,148738,AR,,
HK1,3098,AR,,
HKDC1,80201,AR,,
HLA-A,3105,AD,,
HLA-B,3106,AD,,
HLCS,3141,AR,,
HMBS,3145,AD/AR,,
HMCN1,83872,AD,,
HMGA2,8091,AD,,
HMGB3,3149,XL,,
HMGCL,3155,AR,,
HMGCR,3156,AD/AR,,
HMGCS2,3158,AR,,
HMOX1,3162,AR,,
HMX1,3166,AD,,
HNF1A,6927,AD,,
HNF1B,6928,AD,,
HNF4A,3172,AD,,
HNMT,3176,AR,,
HNRNPA1,3178,AD,,
HNRNPA2B1,3181,AD,,
HNRNPDL,9987,AD,,
HNRNPH2,3188,XL,,
HNRNPK,3190,AD,,
HNRNPR,10236,AD,,
HNRNPU,3192,AR,,
HOGA1,112817,AD/AR,,
HOMER2,9455,AD,,
HOXA1,3198,AR,,
HOXA11,3207,AD,,
HOXA13,3209,AD,,
HOXA2,3199,AR,,
HOXB1,3211,AR,,
HOXC13,3229,AR,,
HOXD10,3236,AD,,
HOXD13,3239,AD/AR,,
HP,3240,AR,,
HPCA,3208,AR,,
HPD,3242,AD/AR,,
HPDL,84842,AR,,
HPGD,3248,AR,,
HPRT1,3251,XL,,
HPS1,3257,AR,,
HPS3,84343,AR,,
HPS4,89781,AR,,
HPS5,11234,AR,,
HPS6,79803,AR,,
HPSE2,60495,AR,,
HR,55806,AR,,
HRAS,3265,AD,,
HRG,3273,AD,,
HRURF,120766137,AD,,
HS2ST1,9653,AR,,
HS3ST6,64711,AD,,
HS6ST1,9394,AD/AR/Digenic/Multigenic,,
HS6ST2,90161,XL,,
HSCB,150274,AR,,
HSD11B1,3290,AD/AR (Triallelic),,
HSD11B2,3291,AR,,
HSD17B10,3028,XL,,
HSD17B3,3293,AR,,
HSD17B4,3295,AR,,
HSD3B2,3284,AR,,
HSD3B7,80270,AR,,
HSF2BP,11077,AR,,
HSF4,3299,AD,,
HSPA1L,3305,AD,,
HSPA9,3313,AD,,
HSPB1,3315,AD,,
HSPB3,8988,AD,,
HSPB8,26353,AD,,
HSPD1,3329,AD/AR,,
HSPG2,3339,AD/AR,,
HTR1A,3350,AD,,
HTR2A,3356,AD,,
HTRA1,5654,AD/AR,,
HTRA2,27429,AR,,
HTT,3064,AD/AR,,
HUWE1,10075,XL,,
HYAL1,3373,AR,,
HYDIN,54768,AR,,
HYLS1,219844,AR,,
HYOU1,10525,AR,,
IARS1,3376,AR,,
IARS2,55699,AR,,
IBA57,200205,AR,,
ICAM4,3386,BG,,
ICOS,29851,AR,,
IDH2,3418,AD,,
IDH3A,3419,AR,,
IDH3B,3420,AR,,
IDS,3423,XL,,
IDUA,3425,AR,,
IER3IP1,51124,AR,,
IFIH1,64135,AD/AR,,
IFITM5,387733,AD,,
IFNAR1,3454,AR,,
IFNAR2,3455,AR,,
IFNG,3458,AR,,
IFNGR1,3459,AD/AR,,
IFNGR2,3460,AR,,
IFNL3,282617,AD,,
IFT122,55764,AR,,
IFT140,9742,AR,,
IFT172,26160,AR,,
IFT27,11020,AR,,
IFT43,112752,AR,,
IFT52,51098,AR,,
IFT57,55081,AR,,
IFT74,80173,AR,,
IFT80,57560,AR,,
IFT81,28981,AR,,
IFT88,8100,AR,,
IGBP1,3476,XL,,
IGF1,3479,AR,,
IGF1R,3480,AD/AR,,
IGF2,3481,AD,,
IGFALS,3483,AR,,
IGFBP7,3490,AR,,
IGHM,3507,AR,,
IGHMBP2,3508,AR,,
IGKC,3514,AR,,
IGLL1,3543,AR,,
IGSF1,3547,XL,,
IGSF3,3321,AR,,
IHH,3549,AD/AR,,
IKBKB,3551,AD/AR,,
IKBKG,8517,XL,,
IKZF1,10320,AD,,
IKZF3,22806,AD,,
IKZF5,64376,AD,,
IL10,3586,AD,,
IL10RA,3587,AR,,
IL10RB,3588,AR,,
IL11RA,3590,AR,,
IL12B,3593,AR,,
IL12RB1,3594,AR,,
IL17F,112744,AD,,
IL17RA,23765,AR,,
IL17RC,84818,AR,,
IL17RD,54756,AD/Digenic,,
IL18BP,10068,AR,,
IL1R1,3554,AD,,
IL1RAPL1,11141,XL,,
IL1RN,3557,AR,,
IL21,59067,AR,,
IL21R,50615,AR,,
IL2RA,3559,AR,,
IL2RB,3560,AR,,
IL2RG,3561,XL,,
IL31RA,133396,AD,,
IL36RN,26525,AR,,
IL37,27178,AR,,
IL6R,3570,AR,,
IL6ST,3572,AD/AR,,
IL7,3574,AR,,
IL7R,3575,AR,,
ILDR1,286676,AR,,
IMPA1,3612,AR,,
IMPDH1,3614,AD,,
IMPDH2,3615,AD,,
IMPG1,3617,AD/AR,,
IMPG2,50939,AD/AR,,
INF2,64423,AD,,
INPP5E,56623,AR,,
INPP5K,51763,AR,,
INPPL1,3636,AR,,
INS,3630,AD,,
INSL3,3640,AD,,
INSR,3643,AD/AR,,
INTS1,26173,AR,,
INTS11,54973,AR,,
INTU,27152,AR,,
INVS,27130,AR,,
IPMK,253430,AD,,
IPO8,10526,AR,,
IQCB1,9657,AR,,
IQCE,23288,AR,,
IQCN,80726,AR,,
IQSEC1,9922,AR,,
IQSEC2,23096,XL,,
IRAK4,51135,AR,,
IREB2,3658,AR,,
IRF2BP2,359948,AD,,
IRF2BPL,64207,AD,,
IRF3,3661,AD,,
IRF4,3662,AD,,
IRF6,3664,AD,,
IRF7,3665,AR,,
IRF8,3394,AD,,
IRF9,10379,AR,,
IRS4,8471,XL,,
IRX5,10265,AR,,
ISCA1,81689,AR,,
ISCA2,122961,AR,,
ISCU,23479,AR,,
ISG15,9636,AR,,
ITCH,83737,AR,,
ITGA2B,3674,AD/AR,,
ITGA3,3675,AR,,
ITGA6,3655,AR,,
ITGA7,3679,AR,,
ITGA8,8516,AR,,
ITGB2,3689,AR,,
ITGB3,3690,AD/AR,,
ITGB4,3691,AR,,
ITGB6,3694,AR,,
ITK,3702,AR,,
ITM2B,9445,AD,,
ITPA,3704,AR,,
ITPR1,3708,AD/AR,,
ITPR2,3709,AR,,
ITPR3,3710,AD,,
IVD,3712,AR,,
IVNS1ABP,10625,AD,,
IYD,389434,AR,,
JAG1,182,AD,,
JAG2,3714,AR,,
JAGN1,84522,AR,,
JAK1,3716,AD,,
JAK2,3717,AD,,
JAK3,3718,AR,,
JAM2,58494,AR,,
JAM3,83700,AR,,
JARID2,3720,AD,,
JPH2,57158,AD/AR,,
JPH3,57338,AD,,
JUP,3728,AD/AR,,
KANK1,23189,AD,,
KANK2,25959,AR,,
KANSL1,284058,AD,,
KARS1,3735,AR,,
KASH5,147872,AR,,
KAT5,10524,AD,,
KAT6A,7994,AD,,
KAT6B,23522,AD,,
KAT8,84148,AD,,
KATNB1,10300,AR,,
KATNIP,23247,AR,,
KBTBD13,390594,AD,,
KCNA1,3736,AD,,
KCNA2,3737,AD,,
KCNA4,3739,AR,,
KCNA5,3741,AD,,
KCNB1,3745,AD,,
KCNC1,3746,AD,,
KCNC2,3747,AD,,
KCNC3,3748,AD,,
KCND3,3752,AD,,
KCNE1,3753,AD/AR/Digenic,,
KCNE2,9992,AD,,
KCNE3,10008,AD,,
KCNH1,3756,AD/AR,,
KCNH2,3757,AD/Digenic,,
KCNH5,27133,AD,,
KCNJ1,3758,AR,,
KCNJ10,3766,AR/Digenic,,
KCNJ11,3767,AD/AR,,
KCNJ13,3769,AD/AR,,
KCNJ16,3773,AR,,
KCNJ18,100134444,AD,,
KCNJ2,3759,AD,,
KCNJ3,3760,AR,,
KCNJ5,3762,AD,,
KCNJ6,3763,AD,,
KCNK18,338567,AD,,
KCNK3,3777,AD,,
KCNK4,50801,AD,,
KCNK9,51305,AD,,
KCNMA1,3778,AD/AR,,
KCNN2,3781,AD,,
KCNN3,3782,AD,,
KCNN4,3783,AD,,
KCNQ1,3784,AD/AR/Digenic,,
KCNQ1OT1,10984,AD,,
KCNQ2,3785,AD,,
KCNQ3,3786,AD,,
KCNQ4,9132,AD,,
KCNQ5,56479,AD,,
KCNT1,57582,AD,,
KCNT2,343450,AD,,
KCNU1,157855,AR,,
KCNV2,169522,AR,,
KCTD17,79734,AD,,
KCTD7,154881,AR,,
KDELR2,11014,AR,,
KDF1,126695,AD,,
KDM1A,23028,AD,,
KDM3B,51780,AD,,
KDM4B,23030,AD,,
KDM5B,10765,AR,,
KDM5C,8242,XL,,
KDM6A,7403,XL,,
KDM6B,23135,AD,,
KDSR,2531,AR,,
KEL,3792,BG,,
KERA,11081,AR,,
KHDC3L,154288,AR,,
KHK,3795,AR,,
KIAA0586,9786,AR,,
KIAA0753,9851,AR,,
KIAA0825,285600,AR,,
KIAA1549,57670,AR,,
KIDINS220,57498,AR,,
KIF11,3832,AD,,
KIF12,113220,AR,,
KIF14,9928,AR,,
KIF15,56992,AR,,
KIF1A,547,AD/AR,,
KIF1B,23095,AD,,
KIF1C,10749,AR,,
KIF20A,10112,AR,,
KIF21A,55605,AD,,
KIF22,3835,AD,,
KIF23,9493,AD,,
KIF26A,26153,AR,,
KIF2A,3796,AD,,
KIF3B,9371,AR,,
KIF4A,24137,XL,,
KIF5A,3798,AD,,
KIF5C,3800,AD,,
KIF7,374654,AR/Digenic,,
KIFBP,26128,AR,,
KIRREL1,55243,AR,,
KIRREL3,84623,AD,,
KISS1,3814,AR,,
KISS1R,84634,AR,,
KIT,3815,AD,,
KITLG,4254,AD/AR,,
KIZ,55857,AR,,
KL,9365,AR,,
KLC2,64837,AR,,
KLF1,10661,AD/BG,,
KLF11,8462,AD,,
KLHDC8B,200942,AD,,
KLHL10,317719,AD,,
KLHL15,80311,XL,,
KLHL24,54800,AD/AR,,
KLHL3,26249,AD/AR,,
KLHL40,131377,AR,,
KLHL41,10324,AR,,
KLHL7,55975,AR,,
KLK11,11012,AD,,
KLK4,9622,AR,,
KLKB1,3818,AR,,
KLLN,100144748,AD,,
KMT2A,4297,AD,,
KMT2B,9757,AD,,
KMT2C,58508,AD,,
KMT2D,8085,AD,,
KMT2E,55904,AD,,
KMT5B,51111,AD,,
KNG1,3827,AD,,
KNL1,57082,AR,,
KPNA3,3839,AD,,
KPNA7,402569,AR,,
KPTN,11133,AR,,
KRAS,3845,AD,,
KREMEN1,83999,AR,,
KRIT1,889,AD,,
KRT1,3848,AD,,
KRT10,3858,AD/AR,,
KRT12,3859,AD,,
KRT13,3860,AD,,
KRT14,3861,AD/AR,,
KRT16,3868,AD,,
KRT17,3872,AD,,
KRT2,3849,AD,,
KRT25,147183,AR,,
KRT3,3850,AD,,
KRT4,3851,AD,,
KRT5,3852,AD/AR,,
KRT6A,3853,AD,,
KRT6B,3854,AD,,
KRT6C,286887,AD,,
KRT71,112802,AD,,
KRT74,121391,AD,,
KRT75,9119,AD,,
KRT81,3887,AD,,
KRT83,3889,AD/AR,,
KRT85,3891,AR,,
KRT86,3892,AD,,
KRT9,3857,AD,,
KY,339855,AR,,
KYNU,8942,AR,,
L1CAM,3897,XL,,
L2HGDH,79944,AR,,
LACC1,144811,AR,,
LAGE3,8270,XL,,
LAMA1,284217,AR,,
LAMA2,3908,AD/AR,,
LAMA3,3909,AR,,
LAMA4,3910,AD,,
LAMA5,3911,AR,,
LAMB1,3912,AR,,
LAMB2,3913,AR,,
LAMB3,3914,AR,,
LAMC2,3918,AR,,
LAMC3,10319,AR,,
LAMP2,3920,XL,,
LAMTOR2,28956,AR,,
LARGE1,9215,AR,,
LARP7,51574,AR,,
LARS1,51520,AR,,
LARS2,23395,AR,,
LAS1L,81887,XL,,
LAT,27040,AR,,
LBR,3930,AD/AR,,
LBX1,10660,AR,,
LCA5,167691,AR,,
LCAT,3931,AR,,
LCK,3932,AR,,
LCP2,3937,AR,,
LCT,3938,AR,,
LDB3,11155,AD,,
LDHA,3939,AR,,
LDHB,3945,AR,,
LDHD,197257,AR,,
LDLR,3949,AD/AR,,
LDLRAP1,26119,AR,,
LEFTY2,7044,AD,,
LEMD2,221496,AD/AR,,
LEMD3,23592,AD,,
LEP,3952,AR,,
LEPR,3953,AR,,
LETM1,3954,AR,,
LFNG,3955,AR,,
LGI1,9211,AD,,
LGI3,203190,AR,,
LGI4,163175,AR,,
LGR4,55366,AD,,
LHB,3972,AR,,
LHCGR,3973,AR,,
LHFPL5,222662,AR,,
LHX3,8022,AR,,
LHX4,89884,AD,,
LIAS,11019,AR,,
LIFR,3977,AR,,
LIG1,3978,AR,,
LIG3,3980,AR,,
LIG4,3981,AR,,
LIM2,3982,AD/AR,,
LIMA1,51474,AD,,
LIMS2,55679,AD,,
LINGO1,84894,AR,,
LINS1,55180,AR,,
LIPA,3988,AR,,
LIPC,3990,AR,,
LIPE,3991,AR,,
LIPH,200879,AR,,
LIPI,149998,AD,,
LIPN,643418,AR,,
LIPT1,51601,AR,,
LIPT2,387787,AR,,
LITAF,9516,AD,,
LMAN1,3998,AR,,
LMAN2L,81562,AD/AR,,
LMBR1,64327,AD/AR,,
LMBRD1,55788,AR,,
LMBRD2,92255,AD,,
LMF1,64788,AR,,
LMNA,4000,AD/AR,,
LMNB1,4001,AD,,
LMNB2,84823,AD/AR,,
LMOD1,25802,AR,,
LMOD2,442721,AR,,
LMOD3,56203,AR,,
LMX1A,4009,AD,,
LMX1B,4010,AD,,
LNPK,80856,AR,,
LOC111365204,111000000,AD,,
LONP1,9361,AR,,
LORICRIN,4014,AD,,
LOX,4015,AD,,
LOXHD1,125336,AR,,
LOXL3,84695,AR,,
LPA,4018,AR,,
LPAR6,10161,AR,,
LPIN1,23175,AR,,
LPIN2,9663,AR,,
LPL,4023,AD/AR,,
LRAT,9227,AR,,
LRBA,987,AR,,
LRIG2,9860,AR,,
LRIT3,345193,AR,,
LRMDA,83938,AR,,
LRP1,4035,AD/AR,,
LRP12,29967,AD,,
LRP2,4036,AR,,
LRP4,4038,AD/AR,,
LRP5,4041,AD/AR/Digenic,,
LRP6,4040,AD,,
LRPAP1,4043,AR,,
LRPPRC,10128,AR,,
LRRC32,2615,AR,,
LRRC56,115399,AR,,
LRRC8A,56262,AD,,
LRRK1,79705,AR,,
LRRK2,120892,AD,,
LRSAM1,90678,AR,,
LRTOMT,220074,AR,,
LSS,4047,AR,,
LTBP1,4052,AR,,
LTBP2,4053,AR,,
LTBP3,4054,AD/AR,,
LTBP4,8425,AR,,
LTC4S,4056,AR,,
LTV1,84946,AR,,
LYN,4067,AD,,
LYRM4,57128,AR,,
LYRM7,90624,AR,,
LYST,1130,AR,,
LYZ,4069,AD,,
LZTFL1,54585,AR,,
LZTR1,8216,AD/AR,,
M1AP,130951,AR,,
MAB21L1,4081,AR,,
MAB21L2,10586,AR,,
MACF1,23499,AD,,
MAD1L1,8379,AR,,
MAD2L2,10459,AR,,
MADD,8567,AR,,
MAF,4094,AD,,
MAFA,389692,AD,,
MAFB,9935,AD,,
MAG,4099,AR,,
MAGED2,10916,XL,,
MAGEL2,54551,AD,,
MAGI2,9863,AR,,
MAGT1,84061,XL,,
MAK,4117,AR,,
MALT1,10892,AR,,
MAMLD1,10046,XL,,
MAN1B1,11253,AR,,
MAN2B1,4125,AR,,
MAN2C1,4123,AR,,
MANBA,4126,AR,,
MAOA,4128,XL,,
MAP1B,4131,AD,,
MAP2K1,5604,AD,,
MAP2K2,5605,AD,,
MAP3K1,4214,AD,,
MAP3K14,9020,AR,,
MAP3K20,51776,AD/AR,,
MAP3K6,9064,AD,,
MAP3K7,6885,AD,,
MAPK1,5594,AD,,
MAPK10,5602,AD,,
MAPK8IP1,9479,AD,,
MAPK8IP3,23162,AD,,
MAPKAPK3,7867,AD,,
MAPKAPK5,8550,AR,,
MAPKBP1,23005,AR,,
MAPRE2,10982,AD,,
MAPT,4137,AD/AR,,
MARCHF6,10299,AD,,
MARK3,4140,AR,,
MARS1,4141,AR,,
MARS2,92935,AR,,
MARVELD2,153562,AR,,
MASP1,5648,AR,,
MASP2,10747,AR,,
MAST1,22983,AD,,
MAST3,23031,AD,,
MASTL,84930,AD,,
MAT1A,4143,AD/AR,,
MATN3,4148,AD/AR,,
MATR3,9782,AD,,
MAX,4149,AD,,
MB,4151,AD,,
MBD4,8930,AR,,
MBD5,55777,AD,,
MBL2,4153,AD,,
MBOAT7,79143,AR,,
MBTPS1,8720,AR,,
MBTPS2,51360,XL,,
MC1R,4157,AD,,
MC2R,4158,AR,,
MC3R,4159,AD,,
MC4R,4160,AD,,
MCAT,27349,AR,,
MCCC1,56922,AR,,
MCCC2,64087,AR,,
MCEE,84693,AR,,
MCFD2,90411,AR,,
MCIDAS,345643,AR,,
MCM10,55388,AR,,
MCM2,4171,AD,,
MCM3AP,8888,AR,,
MCM4,4173,AR,,
MCM5,4174,AR,,
MCM6,4175,AD,,
MCM8,84515,AR,,
MCM9,254394,AR,,
MCOLN1,57192,AR,,
MCPH1,79648,AR,,
MDFIC,29969,AR,,
MDH1,4190,AR,,
MDH2,4191,AR,,
MDM2,4193,AR,,
MDM4,4194,AD,,
MECOM,2122,AD,,
MECP2,4204,XL,,
MECR,51102,AR,,
MED11,400569,AR,,
MED12,9968,XL,,
MED12L,116931,AD,,
MED13,9969,AD,,
MED13L,23389,AD/AR,,
MED17,9440,AR,,
MED23,9439,AR,,
MED25,81857,AR,,
MED27,9442,AR,,
MEF2C,4208,AD,,
MEFV,4210,AD/AR,,
MEGF10,84466,AR,,
MEGF8,1954,AR,,
MEI1,150365,AR,,
MEIOB,254528,AR,,
MEIS2,4212,AD,,
MEN1,4221,AD,,
MEOX1,4222,AR,,
MERTK,10461,AD/AR,,
MESD,23184,AR,,
MESP2,145873,AR,,
MET,4233,AD/AR,,
METTL13,51603,AD,,
METTL23,124512,AR,,
METTL5,29081,AR,,
MFAP5,8076,AD,,
MFF,56947,AR,,
MFN2,9927,AR,,
MFRP,83552,AR,,
MFSD2A,84879,AR,,
MFSD8,256471,AR,,
MGAT2,4247,AR,,
MGME1,92667,AR,,
MGP,4256,AR,,
MIA3,375056,AR,,
MIB1,57534,AD,,
MICOS13,125988,AR,,
MICU1,10367,AR,,
MID1,4281,XL,,
MID2,11043,XL,,
MIEF1,54471,AD,,
MIEF2,125170,AR,,
MINAR2,100127206,AR,,
MINPP1,9562,AR,,
MIP,4284,AD,,
MIPEP,4285,AR,,
MIR140,406932,AD,,
MIR17HG,407975,AD,,
MIR184,406960,AD,,
MIR204,406987,AD,,
MIR96,407053,AD,,
MITF,4286,AD,,
MKKS,8195,AR,,
MKRN3,7681,AD,,
MKS1,54903,AR,,
MLC1,23209,AR,,
MLH1,4292,AD/AR,,
MLH3,27030,AD,,
MLIP,90523,AR,,
MLPH,79083,AR,,
MLYCD,23417,AR,,
MMAA,166785,AR,,
MMAB,326625,AR,,
MMACHC,25974,AR/Digenic,,
MMADHC,27249,AR,,
MME,4311,AR,,
MMP13,4322,AD/AR,,
MMP14,4323,AR,,
MMP19,4327,AD,,
MMP2,4313,AR,,
MMP20,9313,AR,,
MMP21,118856,AR,,
MMP9,4318,AR,,
MMUT,4594,AR,,
MN1,4330,AD,,
MNS1,55329,AR,,
MNX1,3110,AD,,
MOCOS,55034,AR,,
MOCS1,4337,AR,,
MOCS2,4338,AR,,
MOG,4340,AD,,
MOGS,7841,AR,,
MORC2,22880,AD,,
MOS,4342,AR,,
MOV10L1,54456,AR,,
MPC1,51660,AR,,
MPDU1,9526,AR,,
MPDZ,8777,AR,,
MPEG1,219972,AD,,
MPI,4351,AR,,
MPIG6B,80739,AR,,
MPL,4352,AD/AR,,
MPLKIP,136647,AR,,
MPO,4353,AR,,
MPV17,4358,AR,,
MPZ,4359,AD,,
MPZL2,10205,AR,,
MR1,3140,AD,,
MRAP,56246,AR,,
MRAP2,112609,AD,,
MRAS,22808,AD,,
MRE11,4361,AD,,
MRM2,29960,AR,,
MRPL12,6182,AR,,
MRPL3,11222,AR,,
MRPL44,65080,AR,,
MRPS14,63931,AR,,
MRPS16,51021,AR,,
MRPS2,51116,AR,,
MRPS22,56945,AR,,
MRPS23,51649,AR,,
MRPS25,64432,AR,,
MRPS28,28957,AR,,
MRPS34,65993,AR,,
MRPS7,51081,AR,,
MRTFA,57591,AR,,
MS4A1,931,AR,,
MSH2,4436,AD/AR,,
MSH3,4437,AD,,
MSH4,4438,AR,,
MSH5,4439,AR,,
MSH6,2956,AD/AR,,
MSL3,10943,XL,,
MSMO1,6307,AR,,
MSN,4478,XL,,
MSR1,4481,AD,,
MSRB3,253827,AR,,
MSTN,2660,AR,,
MSTO1,55154,AD/AR,,
MSX1,4487,AD,,
MSX2,4488,AD,,
MT-ATP6,4508,Maternal,,
MT-ATP8,4509,Maternal,,
MT-CO1,4512,Maternal,,
MT-CO2,4513,Maternal,,
MT-CO3,4514,Maternal,,
MT-ND1,4535,Maternal,,
MT-ND2,4536,Maternal,,
MT-ND3,4537,Maternal,,
MT-ND4,4538,Maternal,,
MT-ND4L,4539,Maternal,,
MT-ND5,4540,Maternal,,
MT-ND6,4541,Maternal,,
MT-RNR1,4549,Maternal,,
MT-RNR2,4550,Maternal,,
MT-TC,4511,Maternal,,
MT-TE,4556,Maternal,,
MT-TF,4558,Maternal,,
MT-TL1,4567,Maternal,,
MT-TS1,4574,Maternal,,
MT-TV,4577,Maternal,,
MTAP,4507,AD,,
MTFMT,123263,AR,,
MTHFD1,4522,AR,,
MTHFR,4524,AR,,
MTHFS,10588,AR,,
MTM1,4534,XL,,
MTMR2,8898,AR,,
MTO1,25821,AR,,
MTOR,2475,AD,,
MTPAP,55149,AR,,
MTR,4548,AR,,
MTRR,4552,AR,,
MTSS2,92154,AD,,
MTTP,4547,AR,,
MTX2,10651,AR,,
MUC1,4582,AD,,
MUSK,4593,AR,,
MUTYH,4595,AR,,
MVD,4597,AD,,
MVK,4598,AR,,
MYBPC1,4604,AD/AR,,
MYBPC3,4607,AD/AR,,
MYCN,4613,AD,,
MYD88,4615,AR,,
MYF5,4617,AR,,
MYF6,4618,AD,,
MYH11,4629,AD/AR,,
MYH14,79784,AD,,
MYH2,4620,AD/AR,,
MYH3,4621,AD,,
MYH6,4624,AD,,
MYH7,4625,AD/AR,,
MYH8,4626,AD,,
MYH9,4627,AD,,
MYL1,4632,AR,,
MYL2,4633,AD,,
MYL3,4634,AD/AR,,
MYL4,4635,AD,,
MYL9,10398,AR,,
MYLK,4638,AD/AR,,
MYLK2,85366,AD/Digenic,,
MYLPF,29895,AD/AR,,
MYMK,389827,AR,,
MYMX,101929726,AR,,
MYO15A,51168,AR,,
MYO18B,84700,AR,,
MYO1A,4640,AD,,
MYO1E,4643,AR,,
MYO1H,283446,AR,,
MYO3A,53904,AR,,
MYO5A,4644,AR,,
MYO5B,4645,AR,,
MYO6,4646,AD/AR,,
MYO7A,4647,AR,,
MYO9A,4649,AR,,
MYOC,4653,AD/AR/Digenic,,
MYOCD,93649,AD,,
MYOD1,4654,AR,,
MYOF,26509,AD,,
MYORG,57462,AR,,
MYOT,9499,AD,,
MYOZ2,51778,AD,,
MYPN,84665,AD,,
MYRF,745,AD,,
MYSM1,114803,AR,,
MYT1L,23040,AD,,
NAA10,8260,XL,,
NAA15,80155,AD,,
NAA20,51126,AR,,
NACC1,112939,AD,,
NADK2,133686,AR,,
NADSYN1,55191,AR,,
NAE1,8883,AR,,
NAF1,92345,AD,,
NAGA,4668,AR,,
NAGLU,4669,AR,,
NAGS,162417,AR,,
NALCN,259232,AD/AR,,
NANOS1,340719,AD,,
NANS,54187,AR,,
NAPB,63908,AR,,
NARS1,4677,AD/AR,,
NARS2,79731,AR,,
NAT1,9,AD,,
NAT2,10,AD,,
NAT8L,339983,AR,,
NAXD,55739,AR,,
NAXE,128240,AR,,
NBAS,51594,AR,,
NBEA,26960,AD,,
NBEAL2,23218,AR,,
NBN,4683,AD/AR,,
NCAPD2,9918,AR,,
NCAPD3,23310,AR,,
NCAPG2,54892,AR,,
NCAPH,23397,AR,,
NCDN,23154,AD,,
NCF1,653361,AR,,
NCF2,4688,AR,,
NCF4,4689,AR,,
NCKAP1L,3071,AR,,
NCSTN,23385,AD,,
NDE1,54820,AR,,
NDNF,79625,AD,,
NDP,4693,XL,,
NDRG1,10397,AR,,
NDST1,3340,AR,,
NDUFA1,4694,XL,,
NDUFA10,4705,AR,,
NDUFA11,126328,AR,,
NDUFA12,55967,AR,,
NDUFA13,51079,AD,,
NDUFA2,4695,AR,,
NDUFA4,4697,AR,,
NDUFA6,4700,AR,,
NDUFA8,4702,AR,,
NDUFA9,4704,AR,,
NDUFAF1,51103,AR,,
NDUFAF2,91942,AR,,
NDUFAF3,25915,AR,,
NDUFAF4,29078,AR,,
NDUFAF5,79133,AR,,
NDUFAF6,137682,AR,,
NDUFAF8,284184,AR,,
NDUFB10,4716,AR,,
NDUFB11,54539,XL,,
NDUFB3,4709,AR,,
NDUFB8,4714,AR,,
NDUFB9,4715,AR,,
NDUFC2,4718,AR,,
NDUFS1,4719,AR,,
NDUFS2,4720,AR,,
NDUFS3,4722,AR,,
NDUFS4,4724,AR,,
NDUFS6,4726,AR,,
NDUFS7,374291,AR,,
NDUFS8,4728,AR,,
NDUFV1,4723,AR,,
NDUFV2,4729,AR,,
NEB,4703,AR,,
NECAP1,25977,AR,,
NECTIN1,5818,AD/AR,,
NECTIN4,81607,AR,,
NEDD4L,23327,AD,,
NEFH,4744,AD,,
NEFL,4747,AD/AR,,
NEK1,4750,AR/Digenic,,
NEK10,152110,AR,,
NEK2,4751,AR,,
NEK8,284086,AR,,
NEK9,91754,AR,,
NEMF,9147,AR,,
NEPRO,25871,AR,,
NEU1,4758,AR,,
NEUROD1,4760,AD,,
NEUROD2,4761,AD,,
NEUROG1,4762,AR,,
NEUROG3,50674,AR,,
NEXMIF,340533,XL,,
NEXN,91624,AD,,
NF1,4763,AD,,
NF2,4771,AD,,
NFASC,23114,AR,,
NFATC2,4773,AR,,
NFE2L2,4780,AD,,
NFIA,4774,AD,,
NFIB,4781,AD,,
NFIX,4784,AD,,
NFKB1,4790,AD,,
NFKB2,4791,AD,,
NFKBIA,4792,AD,,
NFS1,9054,AR,,
NFU1,27247,AR,,
NGF,4803,AR,,
NGLY1,55768,AR,,
NHEJ1,79840,AR,,
NHLH2,4808,AR,,
NHLRC1,378884,AR,,
NHLRC2,374354,AR,,
NHP2,55651,AR,,
NHS,4810,XL,,
NIN,51199,AR,,
NIPA1,123606,AD,,
NIPAL4,348938,AR,,
NIPBL,25836,AD,,
NKAP,79576,XL,,
NKX2-1,7080,AD,,
NKX2-5,1482,AD,,
NKX2-6,137814,AR,,
NKX3-2,579,AR,,
NKX6-2,84504,AR,,
NLGN1,22871,AD/AR,,
NLGN3,54413,XL,,
NLGN4X,57502,XL,,
NLRC4,58484,AD,,
NLRP1,22861,AD/AR,,
NLRP12,91662,AD,,
NLRP2,55655,AR,,
NLRP3,114548,AD,,
NLRP5,126206,AR,,
NLRP7,199713,AR,,
NME5,8382,AR,,
NME8,51314,AR,,
NMNAT1,64802,AR,,
NNT,23530,AR,,
NOBOX,135935,AD,,
NOD2,64127,AD/AR,,
NODAL,4838,AD,,
NOG,9241,AD,,
NOL3,8996,AD,,
NONO,4841,XL,,
NOP10,55505,AD/AR,,
NOP56,10528,AD,,
NOS1AP,9722,AR,,
NOTCH1,4851,AD,,
NOTCH2,4853,AD,,
NOTCH2NLC,100996717,AD,,
NOTCH3,4854,AD,,
NOVA2,4858,AD,,
NPAT,4863,AD,,
NPC1,4864,AR,,
NPC1L1,29881,AD/AR,,
NPC2,10577,AR,,
NPHP1,4867,AR,,
NPHP3,27031,AR,,
NPHP4,261734,AR,,
NPHS1,4868,AR,,
NPHS2,7827,AR,,
NPPA,4878,AD/AR,,
NPR2,4882,AD/AR,,
NPR3,4883,AD,,
NPRL2,10641,AD,,
NPRL3,8131,AD,,
NPTX1,4884,AD,,
NR0B1,190,XL,,
NR1H4,9971,AR,,
NR2E3,10002,AD/AR,,
NR2F1,7025,AD,,
NR2F2,7026,AD,,
NR3C1,2908,AD/AR,,
NR3C2,4306,AD,,
NR4A2,4929,AD,,
NR5A1,2516,AD/AR,,
NRAS,4893,AD,,
NRCAM,4897,AR,,
NRIP1,8204,AD,,
NRL,4901,AD/AR,,
NRROS,375387,AR,,
NRXN1,9378,AD/AR,,
NSD1,64324,AD,,
NSD2,7468,AD,,
NSDHL,50814,XL,,
NSMCE2,286053,AR,,
NSMCE3,56160,AR,,
NSMF,26012,AD,,
NSRP1,84081,AR,,
NSUN2,54888,AR,,
NSUN3,63899,AR,,
NT5C2,22978,AR,,
NT5C3A,51251,AR,,
NT5E,4907,AR,,
NTF4,4909,AD,,
NTHL1,4913,AR,,
NTN1,9423,AD,,
NTNG2,84628,AR,,
NTRK1,4914,AR,,
NTRK2,4915,AD,,
NUAK2,81788,AR,,
NUBPL,80224,AR,,
NUDT15,55270,AD,,
NUDT2,318,AR,,
NUP107,57122,AR,,
NUP133,55746,AR,,
NUP155,9631,AR,,
NUP160,23279,AR,,
NUP188,23511,AR,,
NUP205,23165,AR,,
NUP214,8021,AR,,
NUP37,79023,AR,,
NUP54,53371,AR,,
NUP62,23636,AR,,
NUP85,79902,AR,,
NUP88,4927,AR,,
NUS1,116150,AD/AR,,
NUTM2B-AS1,101060691,AD,,
NXF5,55998,XL,,
NXN,64359,AR,,
NYX,60506,XL,,
OAS1,4938,AD,,
OAT,4942,AR,,
OBSCN,84033,AR,,
OBSL1,23363,AR,,
OCA2,4948,AD/AR,,
OCLN,100506658,AR,,
OCRL,4952,XL,,
ODAD1,93233,AR,,
ODAD2,55130,AR,,
ODAD3,115948,AR,,
ODAD4,83538,AR,,
ODAPH,152816,AR,,
ODC1,4953,AD,,
OFD1,8481,XL,,
OGDH,4967,AR,,
OGDHL,55753,AR,,
OGT,8473,XL,,
OPA1,4976,AD,,
OPA3,80207,AD/AR,,
OPHN1,4983,XL,,
OPLAH,26873,AR,,
OPN1LW,5956,XL (involving both OPN1 genes),,
OPN1MW,2652,XL (involving both OPN1 genes),,
OPN1SW,611,AD,,
OPTN,10133,AD,,
ORAI1,84876,AR,,
ORC1,4998,AR,,
ORC4,5000,AR,,
ORC6,23594,AR,,
OSBPL2,9885,AD,,
OSGEP,55644,AR,,
OSMR,9180,AD,,
OSTM1,28962,AR,,
OTC,5009,XL,,
OTOA,146183,AR,,
OTOF,9381,AR,,
OTOG,340990,AR,,
OTOGL,283310,AR,,
OTUD5,55593,XL,,
OTUD6B,51633,AR,,
OTULIN,90268,AD/AR,,
OTX2,5015,AD,,
OVOL2,58495,AD,,
OXCT1,5019,AR,,
OXGR1,27199,AD,,
OXR1,55074,AR,,
P2RX2,22953,AD,,
P2RY12,64805,AD/AR,,
P3H1,64175,AR,,
P3H2,55214,AR,,
P4HA2,8974,AD,,
P4HB,5034,AD,,
P4HTM,54681,AR,,
PABPN1,8106,AD/AR,,
PACS1,55690,AD,,
PACS2,23241,AD,,
PADI3,51702,AR,,
PADI6,353238,AR,,
PAFAH1B1,5048,AD,,
PAH,5053,AR,,
PAICS,10606,AR,,
PAK1,5058,AD,,
PAK2,5062,AD,,
PAK3,5063,XL,,
PALB2,79728,AD/AR,,
PALLD,23022,AD,,
PAM16,51025,AR,,
PANK2,80025,AD/AR,,
PANK4,55229,AD,,
PANX1,24145,AD,,
PAPPA2,60676,AR,,
PAPSS2,9060,AR,,
PARK7,11315,AR,,
PARN,5073,AD/AR,,
PARS2,25973,AR,,
PATL2,197135,AR,,
PAX1,5075,AR,,
PAX2,5076,AD,,
PAX3,5077,AD/AR,,
PAX4,5078,AD,,
PAX5,5079,AD,,
PAX6,5080,AD,,
PAX7,5081,AR,,
PAX8,7849,AD,,
PAX9,5083,AD,,
PBRM1,55193,AD,,
PBX1,5087,AD,,
PC,5091,AR,,
PCARE,388939,AR,,
PCBD1,5092,AR,,
PCCA,5095,AR,,
PCCB,5096,AR,,
PCDH12,51294,AR,,
PCDH15,65217,AR/Digenic,,
PCDH19,57526,XL,,
PCDHGC4,56098,AR,,
PCGF2,7703,AD,,
PCIF1,63935,AR,,
PCK1,5105,AR,,
PCLO,27445,AR,,
PCNA,5111,AR,,
PCNT,5116,AR,,
PCSK1,5122,AD,,
PCSK9,255738,AD,,
PCYT1A,5130,AR,,
PCYT2,5833,AR,,
PDCD10,11235,AD,,
PDCD6IP,10015,AR,,
PDE10A,10846,AD/AR,,
PDE11A,50940,AD,,
PDE1C,5137,AD,,
PDE2A,5138,AR,,
PDE3A,5139,AD,,
PDE4D,5144,AD,,
PDE6A,5145,AR,,
PDE6B,5158,AD/AR,,
PDE6C,5146,AR,,
PDE6D,5147,AR,,
PDE6G,5148,AR,,
PDE6H,5149,AD/AR,,
PDE8B,8622,AD,,
PDGFB,5155,AD,,
PDGFRA,5156,AD,,
PDGFRB,5159,AD,,
PDHA1,5160,XL,,
PDHA2,5161,AR,,
PDHB,5162,AR,,
PDHX,8050,AR,,
PDK3,5165,XL,,
PDP1,54704,AR,,
PDSS1,23590,AR,,
PDSS2,57107,AR,,
PDX1,3651,AR,,
PDXK,8566,AR,,
PDYN,5173,AD,,
PDZD7,79955,AR/Digenic,,
PDZD8,118987,AR,,
PEPD,5184,AR,,
PER2,8864,AD,,
PER3,8863,AD,,
PERCC1,105371045,AR,,
PERP,64065,AD/AR,,
PET100,100131801,AR,,
PET117,100303755,AR,,
PEX1,5189,AR,,
PEX10,5192,AR,,
PEX11B,8799,AR,,
PEX12,5193,AR,,
PEX13,5194,AR,,
PEX14,5195,AR,,
PEX16,9409,AR,,
PEX19,5824,AR,,
PEX2,5828,AR,,
PEX26,55670,AR,,
PEX3,8504,AR,,
PEX5,5830,AR,,
PEX6,5190,AR,,
PEX7,5191,AR,,
PFKM,5213,AR,,
PFN1,5216,AD,,
PGAM2,5224,AR,,
PGAP1,80055,AR,,
PGAP2,27315,AR,,
PGAP3,93210,AR,,
PGK1,5230,XL,,
PGM1,5236,AR,,
PGM2L1,283209,AR,,
PGM3,5238,AR,,
PHACTR1,221692,AD,,
PHC1,1911,AR,,
PHEX,5251,XL,,
PHF21A,51317,AD,,
PHF6,84295,XL,,
PHF8,23133,XL,,
PHGDH,26227,AR,,
PHIP,55023,AD,,
PHKA1,5255,XL,,
PHKA2,5256,XL,,
PHKB,5257,AR,,
PHKG2,5261,AR,,
PHOX2A,401,AR,,
PHOX2B,8929,AD,,
PHYH,5264,AR,,
PHYKPL,85007,AR,,
PI4KA,5297,AR,,
PI4KB,5298,AD,,
PIBF1,10464,AR,,
PIEZO1,9780,AD/BG,,
PIEZO2,63895,AD/AR,,
PIGA,5277,XL,,
PIGB,9488,AR,,
PIGC,5279,AR,,
PIGF,5281,AR,,
PIGG,54872,BG/AR,,
PIGH,5283,AR,,
PIGK,10026,AR,,
PIGL,9487,AR,,
PIGM,93183,AR,,
PIGN,23556,AR,,
PIGO,84720,AR,,
PIGP,51227,AR,,
PIGQ,9091,AR,,
PIGS,94005,AR,,
PIGT,51604,AR,,
PIGU,128869,AR,,
PIGV,55650,AR,,
PIGW,284098,AR,,
PIGY,84992,AR,,
PIK3C2A,5286,AR,,
PIK3CA,5290,AD,,
PIK3CD,5293,AD/AR,,
PIK3CG,5294,AR,,
PIK3R1,5295,AR,,
PIK3R2,5296,AD,,
PIK3R5,23533,AR,,
PIKFYVE,200576,AD,,
PINK1,65018,AR,,
PIP5K1C,23396,AR,,
PITPNM3,83394,AD,,
PITRM1,10531,AR,,
PITX1,5307,AD,,
PITX2,5308,AD,,
PITX3,5309,AD,,
PJVK,494513,AR,,
PKD1,5310,AD,,
PKD1L1,168507,AR,,
PKD2,5311,AD,,
PKDCC,91461,AR,,
PKHD1,5314,AR,,
PKLR,5313,AR,,
PKP1,5317,AR,,
PKP2,5318,AD,,
PLA2G4A,5321,AR,,
PLA2G5,5322,AR,,
PLA2G6,8398,AR,,
PLA2G7,7941,AR,,
PLAA,9373,AR,,
PLAG1,5324,AD,,
PLAGL1,5325,AD,,
PLAU,5328,AD,,
PLCB1,23236,AR,,
PLCB3,5331,AR,,
PLCB4,5332,AD,,
PLCD1,5333,AD/AR,,
PLCE1,51196,AR,,
PLCG1,5335,AD,,
PLCG2,5336,AD,,
PLCH1,23007,AR,,
PLCZ1,89869,AR,,
PLD1,5337,AR,,
PLD3,23646,AD,,
PLEC,5339,AR,,
PLEKHG2,64857,AR,,
PLEKHG5,57449,AR,,
PLEKHM1,9842,AD/AR,,
PLG,5340,AD/AR,,
PLIN1,5346,AD,,
PLIN4,729359,AD,,
PLK4,10733,AR,,
PLN,5350,AD/AR,,
PLOD1,5351,AR,,
PLOD2,5352,AR,,
PLOD3,8985,AR,,
PLP1,5354,XL,,
PLPBP,11212,AR,,
PLS1,5357,AD,,
PLS3,5358,XL,,
PLVAP,83483,AR,,
PLXNA1,5361,AR,,
PLXND1,23129,AR,,
PMFBP1,83449,AR,,
PMM2,5373,AR,,
PMP2,5375,AD,,
PMP22,5376,AD/AR,,
PMPCA,23203,AR,,
PMPCB,9512,AR,,
PMS2,5395,AD/AR,,
PMVK,10654,AD,,
PNKP,11284,AR,,
PNLDC1,154197,AR,,
PNLIP,5406,AR,,
PNP,4860,AR,,
PNPLA1,285848,AR,,
PNPLA2,57104,AR,,
PNPLA6,10908,AR,,
PNPLA8,50640,AR,,
PNPO,55163,AR,,
PNPT1,87178,AR,,
POC1A,25886,AR,,
POC1B,282809,AR,,
POF1B,79983,XL,,
POFUT1,23509,AD,,
POGLUT1,56983,AD/AR,,
POGZ,23126,AD,,
POLA1,5422,XL,,
POLD1,5424,AD,,
POLE,5426,AD/AR,,
POLG,5428,AD/AR,,
POLG2,11232,AD/AR,,
POLH,5429,AR,,
POLR1A,25885,AD,,
POLR1B,84172,AD,,
POLR1C,9533,AR,,
POLR1D,51082,AD/AR,,
POLR3A,11128,AR,,
POLR3B,55703,AD/AR,,
POLR3F,10621,AD,,
POLR3GL,84265,AR,,
POLR3K,51728,AR,,
POLRMT,5442,AD/AR,,
POMC,5443,AR,,
POMGNT1,55624,AR,,
POMGNT2,84892,AR,,
POMK,84197,AR,,
POMP,51371,AD,,
POMT1,10585,AR,,
POMT2,29954,AR,,
PON1,5444,AD/AR,,
POP1,10940,AR,,
POPDC3,64208,AR,,
POR,5447,AR,,
PORCN,64840,XL,,
POT1,25913,AD/AR,,
POU1F1,5449,AD/AR,,
POU3F3,5455,AD,,
POU3F4,5456,XL,,
POU4F1,5457,AD,,
POU4F3,5459,AD,,
POU6F2,11281,AD,,
PPA2,27068,AR,,
PPARG,5468,AD/Digenic (Severe digenic insulin resistance can be due to digenic variants in PPP1R3A and PPARG),,
PPCS,79717,AR,,
PPFIBP1,8496,AR,,
PPIB,5479,AR,,
PPIP5K2,23262,AR,,
PPM1D,8493,AD,,
PPM1K,152926,AR,,
PPOX,5498,AD/AR,,
PPP1CB,5500,AD,,
PPP1R12A,4659,AD,,
PPP1R13L ,10848,AR,,
PPP1R15B,84919,AR,,
PPP1R3A,5506,Digenic,,
PPP2CA,5515,AD,,
PPP2R1A,5518,AD,,
PPP2R2B,5521,AD,,
PPP2R3C,55012,AD/AR,,
PPP2R5D,5528,AD,,
PPP3CA,5530,AD,,
PPT1,5538,AR,,
PQBP1,10084,XL,,
PRCD,768206,AR,,
PRDM10,56980,AD,,
PRDM12,59335,AR,,
PRDM13,59336,AR,,
PRDM16,63976,AD,,
PRDM5,11107,AR,,
PRDM6,93166,AD,,
PRDM8,56978,AR,,
PRDX1,5052,AR/Digenic,,
PRDX3,10935,AD/AR,,
PREPL,9581,AR,,
PRF1,5551,AR,,
PRG4,10216,AR,,
PRICKLE1,144165,AD/AR,,
PRICKLE2,166336,AD,,
PRIM1,5557,AR,,
PRIMPOL,201973,AD,,
PRKACA,5566,AD,,
PRKACB,5567,AD,,
PRKACG,5568,AR,,
PRKAG2,51422,AD,,
PRKAG3,53632,AD,,
PRKAR1A,5573,AD,,
PRKAR1B,5575,AD,,
PRKCD,5580,AR,,
PRKCG,5582,AD/AR,,
PRKCSH,5589,AD,,
PRKD1,5587,AD,,
PRKDC,5591,AR,,
PRKG1,5592,AD,,
PRKG2,5593,AR,,
PRKN,5071,AR,,
PRKRA,8575,AR,,
PRLR,5618,AD,,
PRMT7,54496,AR,,
PRNP,5621,AD/AR,,
PROC,5624,AD/AR,,
PRODH,5625,AR,,
PROK2,60675,AD/AR/Digenic,,
PROKR2,128674,AD/AR,,
PROM1,8842,AD/AR,,
PROP1,5626,AR,,
PRORP,9692,AR,,
PROS1,5627,AD/AR,,
PROZ,8858,AD,,
PRPF3,9129,AD,,
PRPF31,26121,AD,,
PRPF4,9128,AD,,
PRPF6,24148,AD,,
PRPF8,10594,AD,,
PRPH2,5961,AD/Digenic,,
PRPS1,5631,XL,,
PRR12,57479,AD,,
PRRT2,112476,AD,,
PRRX1,5396,AD/AR,,
PRSS1,5644,AD,,
PRSS12,8492,AR,,
PRSS56,646960,AR,,
PRUNE1,58497,AR,,
PRX,57716,AR,,
PSAP,5660,AD,,
PSAT1,29968,AR,,
PSEN1,5663,AD,,
PSEN2,5664,AD,,
PSENEN,55851,AD,,
PSMA3,5684,Digenic,,
PSMB1,5689,AR,,
PSMB10,5699,AR,,
PSMB4,5692,AR/Digenic,,
PSMB8,5696,AR/Digenic,,
PSMB9,5698,Digenic,,
PSMC1,5700,AR,,
PSMC3,5702,AR,,
PSMC3IP,29893,AR,,
PSMD12,5718,AD,,
PSMG2,56984,AR,,
PSPH,5723,AR,,
PSTPIP1,9051,AD,,
PTCD3,55037,AR,,
PTCH1,5727,AD,,
PTCH2,8643,AD,,
PTCHD1,139411,XL,,
PTDSS1,9791,AD,,
PTEN,5728,AD,,
PTF1A,256297,AR,,
PTH,5741,AD/AR,,
PTH1R,5745,AD/AR,,
PTHLH,5744,AD,,
PTPA,5524,AR,,
PTPN11,5781,AD,,
PTPN14,5784,AR,,
PTPN23,25930,AR,,
PTPRC,5788,AR,,
PTPRF,5792,AR,,
PTPRJ,5785,AR,,
PTPRO,5800,AR,,
PTPRQ,374462,AR,,
PTRH2,51651,AR,,
PTS,5805,AR,,
PUF60,22827,AD,,
PUM1,9698,AD,,
PURA,5813,AD,,
PUS1,80324,AR,,
PUS3,83480,AR,,
PUS7,54517,AR,,
PXDN,7837,AR,,
PYCR1,5831,AR,,
PYCR2,29920,AR,,
PYGL,5836,AR,,
PYGM,5837,AR,,
PYROXD1,79912,AR,,
QARS1,5859,AR,,
QDPR,5860,AR,,
QRICH1,54870,AD,,
QRICH2,84074,AR,,
QRSL1,55278,AR,,
RAB11B,9230,AD,,
RAB18,22931,AR,,
RAB23,51715,AR,,
RAB27A,5873,AR,,
RAB28,9364,AR,,
RAB33B,83452,AR,,
RAB39B,116442,XL,,
RAB3GAP1,22930,AR,,
RAB3GAP2,25782,AR,,
RAB5IF,55969,AR,,
RAB7A,7879,AD,,
RABL3,285282,AD,,
RAC1,5879,AD,,
RAC2,5880,AD/AR,,
RAC3,5881,AD,,
RACGAP1,29127,AR,,
RAD21,5885,AD/AR,,
RAD50,10111,AD/AR,,
RAD51,5888,AD,,
RAD51C,5889,AD/AR,,
RAD51D,5892,AD,,
RAF1,5894,AD,,
RAG1,5896,AR,,
RAG2,5897,AR,,
RAI1,10743,AD,,
RALA,5898,AD,,
RALGAPA1,253959,AR,,
RANBP2,5903,AD,,
RAPGEF2,9693,AD,,
RAPSN,5913,AR,,
RARB,5915,AD/AR,,
RARS1,5917,AD,,
RARS2,57038,AR,,
RASA1,5921,AD,,
RASGRP1,10125,AR,,
RASGRP2,10235,AR,,
RAX,30062,AR,,
RAX2,84839,AD/AR,,
RB1,5925,AD,,
RB1CC1,9821,AD,,
RBBP8,5932,AR,,
RBCK1,10616,AR,,
RBL2,5934,AR,,
RBM10,8241,XL,,
RBM12,10137,AD,,
RBM20,282996,AD,,
RBM28,55131,AR,,
RBM8A,9939,AR,,
RBMX,27316,XL,,
RBP3,5949,AR,,
RBP4,5950,AR,,
RBPJ,3516,AD,,
RC3H1,149041,AR,,
RCBTB1,55213,AR,,
RD3,343035,AR,,
RDH11,51109,AD/AR,,
RDH12,145226,AD/AR,,
RDH5,5959,AR,,
RDX,5962,AR,,
REC114,283677,AR,,
RECQL4,9401,AR,,
REEP1,65055,AD/AR,,
REEP2,51308,AD/AR,,
REEP6,92840,AR,,
REL,5966,AR,,
RELA,5970,AD,,
RELB,5971,AR,,
RELN,5649,AD/AR,,
RELT,84957,AR,,
REN,5972,AD,,
REPS1,85021,AR,,
RERE,473,AD,,
REST,5978,AD,,
RET,5979,AD/AR,,
RETREG1,54463,AR,,
RFC1,5981,AR,,
RFT1,91869,AR,,
RFWD3,55159,AR,,
RFX5,5993,AR,,
RFX6,222546,AR,,
RFX7,64864,AD,,
RFXANK,8625,AR,,
RFXAP,5994,AR,,
RGR,5995,AD/AR,,
RGS9,8787,AR,,
RGS9BP,388531,AR,,
RHAG,6005,AD/AR/BG,,
RHBDF2,79651,AD,,
RHCE,6006,BG,,
RHD,6007,BG,,
RHO,6010,AD/AR,,
RHOA,387,AD,,
RHOBTB2,23221,AR,,
RHOH,399,AR,,
RIC1,57589,AR,,
RILPL1,353116,AD,,
RIMS1,22999,AD,,
RIMS2,9699,AR,,
RIN2,54453,AR,,
RINT1,60561,AR,,
RIPK1,8737,AD/AR,,
RIPK4,54101,AR,,
RIPOR2,9750,AD/AR,,
RIPPLY2,134701,AR,,
RIT1,6016,AD,,
RLBP1,6017,AR,,
RLIM,51132,XL,,
RMND1,55005,AR,,
RMRP,6023,AR,,
RNASEH1,246243,AR,,
RNASEH2A,10535,AR,,
RNASEH2B,79621,AR,,
RNASEH2C,84153,AR,,
RNASEL,6041,AD,,
RNASET2,8635,AR,,
RNF113A,7737,XL,,
RNF125,54941,AD,,
RNF13,11342,AD,,
RNF135,84282,AD,,
RNF139,11236,AD,,
RNF168,165918,AR,,
RNF170,81790,AD/AR,,
RNF2,6045,AD,,
RNF212,285498,AR,,
RNF213,57674,AD/AR,80260852.0,80398794.0
RNF216,54476,AR,,
RNF220,55182,AR,,
RNF43,54894,AD,,
RNH1,6050,AR,,
RNPC3,55599,AR,,
RNU12,267010,AR,,
RNU4ATAC,100151683,AR,,
ROBO1,6091,AD/AR,,
ROBO2,6092,AD,,
ROBO3,64221,AR,,
ROBO4,54538,AD,,
ROGDI,79641,AR,,
ROM1,6094,Digenic,,
ROR1,4919,AR,,
ROR2,4920,AR,,
RORA,6095,AD,,
RORB,6096,AD,,
RORC,6097,AR,,
RP1,6101,AD/AR,,
RP1L1,94137,AD/AR,,
RP2,6102,XL,,
RP9,6100,AD,,
RPA1,6117,AD,,
RPE65,6121,AR,,
RPGR,6103,XL,,
RPGRIP1,57096,AR,,
RPGRIP1L,23322,AR,,
RPIA,22934,AR,,
RPL10,6134,XL,,
RPL10L,140801,AR,,
RPL11,6135,AD,,
RPL13,6137,AD,,
RPL15,6138,AD,,
RPL18,6141,AD,,
RPL21,6144,AD,,
RPL26,6154,AD,,
RPL27,6155,AD,,
RPL35,11224,AD,,
RPL35A,6165,AD,,
RPL3L,6123,AR,,
RPL5,6125,AD,,
RPS10,6204,AD,,
RPS15A,6210,AD,,
RPS17,6218,AD,,
RPS19,6223,AD,,
RPS23,6228,AD,,
RPS24,6229,AD,,
RPS26,6231,AD,,
RPS27,6232,AD,,
RPS28,6234,AD,,
RPS29,6235,AD,,
RPS6KA3,6197,XL,,
RPS7,6201,AD,,
RPSA,3921,AD,,
RRAGC,64121,AD,,
RRAS2,22800,AD,,
RRM2B,50484,AR,,
RRP7A,27341,AR,,
RS1,6247,XL,,
RSPH1,89765,AR,,
RSPH3,83861,AR,,
RSPH4A,345895,AR,,
RSPH9,221421,AR,,
RSPO1,284654,AR,,
RSPO2,340419,AR,,
RSPO4,343637,AR,,
RSPRY1,89970,AR,,
RSRC1,51319,AR,,
RTEL1,51750,AD/AR,,
RTN2,6253,AD,,
RTN4IP1,84816,AR,,
RTTN,25914,AR,,
RUBCN,9711,AR,,
RUNX1,861,AD,,
RUNX2,860,AD,,
RUSC2,9853,AR,,
RXFP2,122042,AD,,
RXYLT1,10329,AR,,
RYR1,6261,AD/AR,,
RYR2,6262,AD,,
RYR3,6263,AR,,
S1PR2,9294,AR,,
SACS,26278,AR,,
SAG,6295,AD/AR,,
SALL1,6299,AD,,
SALL2,6297,AR,,
SALL4,57167,AD,,
SAMD12,401474,AD,,
SAMD9,54809,AD/AR,,
SAMD9L,219285,AD,,
SAMHD1,25939,AR,,
SAR1B,51128,AR,,
SARS1,6301,AR,,
SARS2,54938,AR,,
SART3,9733,AD,,
SASH1,23328,AR,,
SASH3,54440,XL,,
SASS6,163786,AR,,
SATB1,6304,AD,,
SATB2,23314,AD,,
SBDS,51119,AD/AR,,
SBF1,6305,AR,,
SBF2,81846,AR,,
SC5D,6309,AR,,
SCAF4,57466,AD,,
SCAPER,49855,AR,,
SCARB2,950,AR,,
SCARF2,91179,AR,,
SCD5,79966,AD,,
SCN10A,6336,AD,,
SCN11A,11280,AD,,
SCN1A,6323,AD,,
SCN1B,6324,AD,,
SCN2A,6326,AD,,
SCN2B,6327,AD,,
SCN3A,6328,AD,,
SCN3B,55800,AD,,
SCN4A,6329,AD/AR,,
SCN4B,6330,AD,,
SCN5A,6331,AD/AR/Digenic,,
SCN8A,6334,AD,,
SCN9A,6335,AD/AR,,
SCNM1,79005,AR,,
SCNN1A,6337,AD/AR/Digenic (with CFTR or other SCCN1 genes),,
SCNN1B,6338,AD/AR/Digenic (with CFTR or other SCCN1 genes),,
SCNN1G,6340,AD/AR/Digenic (with CFTR or other SCCN1 genes),,
SCO1,6341,AR,,
SCO2,9997,AD/AR,,
SCP2,6342,AR,,
SCUBE3,222663,AR,,
SCYL1,57410,AR,,
SCYL2,55681,AR,,
SDCCAG8,10806,AR,,
SDHA,6389,AD/AR,,
SDHAF1,644096,AR,,
SDHAF2,54949,AD,,
SDHB,6390,AD/AR,,
SDHC,6391,AD,,
SDHD,6392,AD/AR,,
SDR9C7,121214,AR,,
SEC23A,10484,AD/AR,,
SEC23B,10483,AD/AR,,
SEC24D,9871,AR,,
SEC31A,22872,AR,,
SEC61A1,29927,AD,,
SEC63,11231,AD,,
SECISBP2,79048,AR,,
SELENBP1,8991,AR,,
SELENOI,85465,AR,,
SELENON,57190,AR,,
SEMA3A,10371,AD,,
SEMA3E,9723,AD,,
SEMA4A,64218,AR,,
SEMA6B,10501,AD,,
SEMA7A,8482,BG/AR,,
SEPSECS,51091,AR,,
SEPTIN12,124404,AD,,
SEPTIN9,10801,AD,,
SERAC1,84947,AR,,
SERPINA1,5265,AR,,
SERPINA6,866,AD/AR,,
SERPINA7,6906,XL,,
SERPINB6,5269,AR,,
SERPINB7,8710,AR,,
SERPINB8,5271,AR,,
SERPINC1,462,AD/AR,,
SERPIND1,3053,AD,,
SERPINE1,5054,AR,,
SERPINF1,5176,AR,,
SERPINF2,5345,AD/AR,,
SERPING1,710,AD/AR,,
SERPINH1,871,AR,,
SERPINI1,5274,AD,,
SET,6418,AD,,
SETBP1,26040,AD,,
SETD1A,9739,AD,,
SETD1B,23067,AD,,
SETD2,29072,AD,,
SETD5,55209,AD,,
SETX,23064,AD/AR,,
SF3B2,10992,AD,,
SF3B4,10262,AD,,
SFRP4,6424,AR,,
SFTPA1,653509,AD/AR,,
SFTPA2,729238,AD,,
SFTPB,6439,AR,,
SFTPC,6440,AD,,
SFXN4,119559,AR,,
SGCA,6442,AR,,
SGCB,6443,AR,,
SGCD,6444,AR,,
SGCE,8910,AD,,
SGCG,6445,AR,,
SGMS2,166929,AD,,
SGO1,151648,AD,,
SGPL1,8879,AR,,
SGSH,6448,AR,,
SH2D1A,4068,XL,,
SH3BP2,6452,AD,,
SH3KBP1,30011,XL,,
SH3PXD2B,285590,AR,,
SH3TC2,79628,AR,,
SHANK2,22941,AD,,
SHANK3,85358,AD,,
SHH,6469,AD,,
SHMT2,6472,AR,,
SHOC1,158401,AR,,
SHOC2,8036,AD,,
SHOX,6473,XL/PAR,,
SHPK,23729,AR,,
SHQ1,55164,AR,,
SHROOM4,57477,XL,,
SI,6476,AR,,
SIAH1,6477,AD,,
SIGMAR1,10280,AR,,
SIK1,150094,AD,,
SIK3,23387,AR,,
SIL1,64374,AR,,
SIN3A,25942,AD,,
SIPA1L3,23094,AR,,
SIX1,6495,AD,,
SIX3,6496,AD,,
SIX5,147912,AD,,
SIX6,4990,AD,,
SKI,6497,AD,,
SKIV2L,6499,AR,,
SLC10A2,6555,AD,,
SLC10A7,84068,AR,,
SLC11A2,4891,AR,,
SLC12A1,6557,AR,,
SLC12A2,6558,AD/AR,,
SLC12A3,6559,AR,,
SLC12A5,57468,AR,,
SLC12A6,9990,AD/AR,,
SLC13A3,64849,AR,,
SLC13A5,284111,AR,,
SLC14A1,6563,BG,,
SLC16A1,6566,AD/AR,,
SLC16A12,387700,AD,,
SLC16A2,6567,XL,,
SLC17A5,26503,AR,,
SLC17A8,246213,AD,,
SLC17A9,63910,AD,,
SLC18A2,6571,AR,,
SLC18A3,6572,AR,,
SLC19A1,6573,AR,,
SLC19A2,10560,AR,,
SLC19A3,80704,AR,,
SLC1A1,6505,AR,,
SLC1A2,6506,AD,,
SLC1A3,6507,AD,,
SLC1A4,6509,AR,,
SLC20A2,6575,AD,,
SLC22A12,116085,AR,,
SLC22A5,6584,AR,,
SLC24A1,9187,AR,,
SLC24A4,123041,AR,,
SLC24A5,283652,AR,,
SLC25A1,6576,AR,,
SLC25A10,1468,AR,,
SLC25A11,8402,AD,,
SLC25A12,8604,AR,,
SLC25A13,10165,AR,,
SLC25A15,10166,AR,,
SLC25A19,60386,AR,,
SLC25A20,788,AR,,
SLC25A21,89874,AR,,
SLC25A22,79751,AR,,
SLC25A24,29957,AD,,
SLC25A26,115286,AR,,
SLC25A3,5250,AR,,
SLC25A32,81034,AR,,
SLC25A36,55186,AR,,
SLC25A38,54977,AR,,
SLC25A4,291,AD/AR,,
SLC25A42,284439,AR,,
SLC25A46,91137,AR,,
SLC26A1,10861,AR,,
SLC26A2,1836,AR,,
SLC26A3,1811,AR,,
SLC26A4,5172,AR,,
SLC26A5,375611,AR,,
SLC26A8,116369,AD,,
SLC27A4,10999,AR,,
SLC28A1,9154,AR,,
SLC29A3,55315,AR,,
SLC2A1,6513,AD/AR,,
SLC2A10,81031,AR,,
SLC2A2,6514,AR,,
SLC2A9,56606,AD/AR,,
SLC30A10,55532,AR,,
SLC30A2,7780,AD,,
SLC30A7,148867,AR,,
SLC30A9,10463,AR,,
SLC31A1,1317,AR,,
SLC33A1,9197,AR,,
SLC34A1,6569,AR,,
SLC34A2,10568,AR,,
SLC34A3,142680,AR,,
SLC35A1,10559,AR,,
SLC35A2,7355,XL,,
SLC35A3,23443,AR,,
SLC35B2,347734,AR,,
SLC35C1,55343,AR,,
SLC35D1,23169,AR,,
SLC36A2,153201,AD/AR/Digenic,,
SLC37A4,2542,AR,,
SLC38A3,10991,AR,,
SLC38A8,146167,AR,,
SLC39A13,91252,AR,,
SLC39A14,23516,AD/AR,,
SLC39A4,55630,AR,,
SLC39A5,283375,AD,,
SLC39A7,7922,AR,,
SLC39A8,64116,AR,,
SLC3A1,6519,AD/AR,,
SLC40A1,30061,AD,,
SLC41A1,254428,AR,,
SLC44A1,23446,AR,,
SLC44A4,80736,AD,,
SLC45A1,50651,AR,,
SLC45A2,51151,AD/AR,,
SLC46A1,113235,AR,,
SLC4A1,6521,AD/AR/BG,,
SLC4A11,83959,AD,,
SLC4A2,6522,AR,,
SLC4A3,6508,AD,,
SLC4A4,8671,AD/AR,,
SLC51A,200931,AR,,
SLC51B,123264,AR,,
SLC52A1,55065,AD,,
SLC52A2,79581,AR,,
SLC52A3,113278,AR,,
SLC5A1,6523,AR,,
SLC5A2,6524,AD/AR,,
SLC5A5,6528,AR,,
SLC5A6,8884,AR,,
SLC5A7,60482,AR,,
SLC6A1,6529,AD,,
SLC6A17,388662,AR,,
SLC6A19,340024,AR,,
SLC6A2,6530,AD,,
SLC6A20,54716,AD/Digenic,,
SLC6A3,6531,AR,,
SLC6A5,9152,AR,,
SLC6A6,6533,AR,,
SLC6A8,6535,XL,,
SLC6A9,6536,AR,,
SLC7A14,57709,AR,,
SLC7A6OS,84138,AR,,
SLC7A7,9056,AR,,
SLC7A9,11136,AD/AR,,
SLC9A1,6548,AR,,
SLC9A3,6550,AR,,
SLC9A3R1,9368,AD,,
SLC9A6,10479,XL,,
SLC9A7,84679,XL,,
SLC9A9,285195,AD,,
SLCO1B1,10599,AD,,
SLCO1B3,28234,Digenic,,
SLCO2A1,6578,AD/AR,,
SLF2,55719,AR,,
SLFN14,342618,AR,,
SLITRK1,114798,AD,,
SLITRK2,84631,XL,,
SLITRK6,84189,AR,,
SLURP1,57152,AD/AR,,
SLX4,84464,AR,,
SMAD2,4087,AD,,
SMAD3,4088,AD,,
SMAD4,4089,AD,,
SMAD6,4091,AD,,
SMAD9,4093,AD,,
SMARCA2,6595,AD,,
SMARCA4,6597,AD,,
SMARCAD1,56916,AD,,
SMARCAL1,50485,AR,,
SMARCB1,6598,AD,,
SMARCC1,6599,AD,,
SMARCC2,6601,AD,,
SMARCD1,6602,AD,,
SMARCD2,6603,AR,,
SMARCE1,6605,AD,,
SMC1A,8243,XL,,
SMC3,9126,AD,,
SMC5,854123,AR,,
SMCHD1,23347,AD,,
SMG8,55181,AR,,
SMG9,56006,AR,,
SMIM1,388588,BG,,
SMN1,6606,AR,,
SMN2,6607,AD,,
SMO,6608,AR,,
SMOC1,64093,AR,,
SMOC2,64094,AR,,
SMPD1,6609,AR,,
SMPD4,55627,AR,,
SMPX,23676,XL,,
SMS,6611,XL,,
SNAI2,6591,AR,,
SNAP25,6616,AD,,
SNAP29,9342,AR,,
SNAPC4,6621,AR,,
SNCA,6622,AD,,
SNCAIP,9627,AD,,
SNCB,6620,AD,,
SNIP1,79753,AR,,
SNORA31,677814,AD,,
SNORD118,727676,AR,,
SNRNP200,23020,AD,,
SNRPB,6628,AD,,
SNRPE,6635,AD,,
SNTA1,6640,AD,,
SNX10,29887,AR,,
SNX14,57231,AR,,
SOBP,55084,AR,,
SOCS1,8651,AD,,
SOD1,6647,AD/AR,,
SOHLH1,402381,AR,,
SON,6651,AD,,
SORD,6652,AR,,
SOS1,6654,AD,,
SOS2,6655,AD,,
SOST,50964,AD/AR,,
SOX10,6663,AD,,
SOX11,6664,AD,,
SOX17,64321,AD,,
SOX18,54345,AD/AR,,
SOX2,6657,AD,,
SOX3,6658,XL,,
SOX4,6659,AD,,
SOX5,6660,AD,,
SOX6,55553,AD,,
SOX9,6662,AD,,
SP110,3431,AR,,
SP6,80320,AD,,
SP7,121340,AR,,
SPACA1,81833,AR,,
SPAG1,6674,AR,,
SPAG17,200162,AR,,
SPARC,6678,AD/AR,,
SPART,23111,AR,,
SPAST,6683,AD,,
SPATA16,83893,AR,,
SPATA5,166378,AR,,
SPATA5L1,79029,AR,,
SPATA7,55812,AR,,
SPECC1L,23384,AD,,
SPEF2,79925,AR,,
SPEG,10290,AR,,
SPEN,23013,AD,,
SPG11,80208,AR,,
SPG21,51324,AR,,
SPG7,6687,AR,,
SPI1,6688,AD,,
SPIDR,23514,AR,,
SPINK1,6690,AD,,
SPINK2,6691,AR,,
SPINK5,11005,AR,,
SPINT2,10653,AD,,
SPNS2,124976,AR,,
SPOP,8405,AD,,
SPPL2A,84888,AR,,
SPR,6697,AR,,
SPRED1,161742,AD,,
SPRED2,200734,AR,,
SPRY2,10253,AD,,
SPRY4,81848,AD/Digenic,,
SPTA1,6708,AD/AR,,
SPTAN1,6709,AD,,
SPTB,6710,AD/AR,,
SPTBN1,6711,AD,,
SPTBN2,6712,AD/AR,,
SPTBN4,57731,AR,,
SPTLC1,10558,AD,,
SPTLC2,9517,AD,,
SPTSSA,171546,AD/AR,,
SPZ1,84654,AR,,
SQOR,58472,AR,,
SQSTM1,8878,AD,,
SRC,6714,AD,,
SRCAP,10847,AD,,
SRD5A2,6716,AR,,
SRD5A3,79644,AR,,
SREBF1,6720,AD,,
SRP54,6729,AD,,
SRP68,6730,AR,,
SRP72,6731,AD,,
SRPX2,27286,XL,,
SRRM2,23524,AD,,
SRSF1,6426,AD,,
SRY,6736,YL,,
SSBP1,6742,AD,,
SSR4,6748,XL,,
SSTR5,6755,AD,,
SSX1,6756,XL,,
ST14,6768,AR,,
ST3GAL3,6487,AR,,
ST3GAL5,8869,AR,,
STAC3,246329,AR,,
STAG1,10274,AD,,
STAG2,10735,XL,,
STAG3,10734,AR,,
STAMBP,10617,AR,,
STAR,6770,AR,,
STARD7,56910,AD,,
STAT1,6772,AD/AR,,
STAT2,6773,AR,,
STAT3,6774,AD,,
STAT5B,6777,AD/AR,,
STAT6,6778,AD,,
STEAP3,55240,AD,,
STEEP1,63932,XL,,
STIL,6491,AR,,
STIM1,6786,AD/AR,,
STING1,340061,AD,,
STK11,6794,AD,,
STK36,27148,AR,,
STK4,6789,AR,,
STN1,79991,AR,,
STRA6,64220,AR,,
STRADA,92335,AR,,
STRC,161497,AR,,
STS,412,XL,,
STT3A,3703,AD/AR,,
STT3B,201595,AR,,
STUB1,10273,AD/AR/Digenic,,
STX11,8676,AR,,
STX16,8675,AD,,
STX1B,112755,AD,,
STX5,6811,AR,,
STXBP1,6812,AD,,
STXBP2,6813,AR,,
SUCLA2,8803,AR,,
SUCLG1,8802,AR,,
SUFU,51684,AD,,
SUGCT,79783,AR,,
SULT2B1,6820,AR,,
SUMF1,285362,AR,,
SUMO1,7341,AD,,
SUN5,140732,AR,,
SUOX,6821,AR,,
SUPT16H,11198,AD,,
SURF1,6834,AR,,
SUZ12,23512,AD,,
SVBP,374969,AR,,
SVIL,6840,AR,,
SYCE1,93426,AR,,
SYCP2,10388,AD,,
SYCP3,50511,AD,,
SYK,6850,AD,,
SYN1,6853,XL,,
SYNE1,23345,AD,,
SYNE2,23224,AD,,
SYNE4,163183,AR,,
SYNGAP1,8831,AD,,
SYNJ1,8867,AR,,
SYP,6855,XL,,
SYT1,6857,AD,,
SYT14,255928,AR,,
SYT2,127833,AD/AR,,
SZT2,23334,AR,,
TAB2,23118,AD,,
TAC3,6866,AR,,
TACO1,51204,AR,,
TACR3,6870,AR,,
TACSTD2,4070,AR,,
TAF1,6872,XL,,
TAF13,6884,AR,,
TAF2,6873,AR,,
TAF4,6874,AD,,
TAF4B,6875,AR,,
TAF6,6878,AR,,
TAF8,129685,AR,,
TAFAZZIN,6901,XL,,
TALDO1,6888,AR,,
TAMM41,132001,AR,,
TANC2,26115,AD,,
TANGO2,128989,AR,,
TAOK1,57551,AD,,
TAP1,6890,AR,,
TAP2,6891,AR,,
TAPBP,6892,AR,,
TARDBP,23435,AD,,
TARS1,6897,AR,,
TARS2,80222,AR,,
TAS2R16,50833,AD,,
TAS2R38,5726,AD,,
TASP1,55617,AR,,
TAT,6898,AR,,
TBC1D20,128637,AR,,
TBC1D23,55773,AR,,
TBC1D24,57465,AD/AR,,
TBC1D2B,23102,AR,,
TBC1D4,9882,AR,,
TBC1D7,51256,AR,,
TBC1D8B,54885,XL,,
TBCD,6904,AR,,
TBCE,6905,AR,,
TBCK,93627,AR,,
TBK1,29110,AD,,
TBL1X,6907,XL,,
TBL1XR1,79718,AD,,
TBL1Y,90665,YL,,
TBP,6908,AD/AR/Digenic,,
TBR1,10716,AD,,
TBX1,6899,AD,,
TBX15,6913,AR,,
TBX18,9096,AD,,
TBX19,9095,AR,,
TBX2,6909,AD,,
TBX20,57057,AD,,
TBX21,30009,AR,,
TBX22,50945,XL,,
TBX3,6926,AD,,
TBX4,9496,AD,,
TBX5,6910,AD,,
TBX6,6911,AD/AR,,
TBXA2R,6915,AD,,
TBXAS1,6916,AR,,
TBXT,6862,AD,,
TCAP,8557,AD/AR,,
TCEAL1,9338,XL,,
TCF12,6938,AD,,
TCF20,6942,AD,,
TCF3,6929,AD/AR,,
TCF4,6925,AD,,
TCHH,7062,AR,,
TCIRG1,10312,AR,,
TCN2,6948,AR,,
TCOF1,6949,AD,,
TCTN1,79600,AR,,
TCTN2,79867,AR,,
TCTN3,26123,AR,,
TDGF1,6997,AD,,
TDO2,6999,AD,,
TDP1,55775,AR,,
TDP2,51567,AR,,
TDRD7,23424,AR,,
TDRD9,122402,AR,,
TEAD1,7003,AD,,
TECPR2,9895,AR,,
TECR,9524,AR,,
TECRL,253017,AR,,
TECTA,7007,AD/AR,,
TEFM,79736,AR,,
TEK,7010,AD,,
TEKT3,64518,AR,,
TELO2,9894,AR,,
TENM1,10178,AR,,
TENM3,55714,AR,,
TENM4,26011,AD,,
TENT5A,55603,AR,,
TERB1,283847,AR,,
TERB2,145645,AR,,
TERC,7012,AD,,
TERT,7015,AD/AR,,
TET2,54790,AR,,
TET3,200424,AD/AR,,
TEX11,56159,XL,,
TEX14,56155,AR,,
TEX15,56154,AR,,
TF,7018,AR,,
TFAM,7019,AR,,
TFAP2A,7020,AD,,
TFAP2B,7021,AD,,
TFE3,7030,XL,,
TFG,10342,AR,,
TFR2,7036,AR,,
TFRC,7037,AR,,
TG,7038,AR,,
TGDS,23483,AR,,
TGFB1,7040,AD/AR,,
TGFB2,7042,AD,,
TGFB3,7043,AD,,
TGFBI,7045,AD,,
TGFBR1,7046,AD,,
TGFBR2,7048,AD,,
TGIF1,7050,AD,,
TGM1,7051,AR,,
TGM3,7053,AR,,
TGM5,9333,AR,,
TGM6,343641,AD,,
TH,7054,AR,,
THAP1,55145,AD,,
THBD,7056,AD,,
THG1L,54974,AR,,
THOC1,9984,AD,,
THOC2,57187,XL,,
THOC6,79228,AR,,
THPO,7066,AD/AR,,
THRA,7067,AD,,
THRB,7068,AD/AR,,
THSD1,55901,AD/AR,,
THSD4,79875,AD,,
THUMPD1,55623,AR,,
TIA1,7072,AD,,
TIAM1,7074,AR,,
TICAM1,148022,AD/AR,,
TIMELESS,8914,AD,,
TIMM22,29928,AR,,
TIMM50,92609,AR,,
TIMM8A,1678,XL,,
TIMMDC1,51300,AR,,
TIMP3,7078,AD,,
TINF2,26277,AD,,
TJP2,9414,AR,,
TK2,7084,AR,,
TKFC,26007,AR,,
TKT,7086,AR,,
TLCD3B,83723,AR,,
TLE6,79816,AR,,
TLK2,11011,AD,,
TLL1,7092,AD,,
TLR3,7098,AD/AR,,
TLR7,51284,XL,,
TLR8,51311,XL,,
TM4SF20,79853,AD,,
TMC1,117531,AR,,
TMC6,11322,AR,,
TMC8,147138,AR,,
TMCO1,54499,AR,,
TMEM106B,54664,AR,,
TMEM107,84314,AR,,
TMEM126A,84233,AR,,
TMEM126B,55863,AR,,
TMEM127,55654,AD,,
TMEM132E,124842,AR,,
TMEM138,51524,AR,,
TMEM147,10430,AR,,
TMEM151A,256472,AD,,
TMEM163,81615,AD,,
TMEM165,55858,AR,,
TMEM199,147007,AR,,
TMEM216,51259,AR,,
TMEM218,219854,AR,,
TMEM222,84065,AR,,
TMEM231,79583,AR,,
TMEM237,65062,AR,,
TMEM240,339453,AD,,
TMEM251,26175,AR,,
TMEM260,54916,AR,,
TMEM38B,55151,AR,,
TMEM43,79188,AD,,
TMEM53,79639,AR,,
TMEM63A,9725,AD,,
TMEM63C,57156,AR,,
TMEM67,91147,AR,,
TMEM70,54968,AR,,
TMEM94,9772,AR,,
TMEM98,26022,AD,,
TMIE,259236,AR,,
TMLHE,55217,AD,,
TMPO,7112,AD,,
TMPRSS15,5651,AR,,
TMPRSS3,64699,AR,,
TMPRSS6,164656,AR,,
TMTC3,160418,AR,,
TMX2,51075,AR,,
TNC,3371,AD,,
TNFAIP3,7128,AD,,
TNFRSF10B,8795,AD,,
TNFRSF11A,8792,AD/AR,,
TNFRSF11B,4982,AR,,
TNFRSF13B,23495,AD/AR,,
TNFRSF13C,115650,AR,,
TNFRSF1A,7132,AD,,
TNFRSF4,7293,AR,,
TNFRSF9,3604,AR,,
TNFSF11,8600,AR,,
TNIK,23043,AR,,
TNNC1,7134,AD,,
TNNC2,7125,AD,,
TNNI2,7136,AD,,
TNNI3,7137,AD/AR,,
TNNI3K,51086,AD,,
TNNT1,7138,AD/AR,,
TNNT2,7139,AD,,
TNNT3,7140,AD,,
TNPO2,30000,AD,,
TNPO3,23534,AD,,
TNRC6A,27327,AD,,
TNRC6B,23112,AD,,
TNXB,7148,AD/AR,,
TOE1,114034,AR,,
TOGARAM1,23116,AR,,
TOM1,10043,AD,,
TOMM7,54543,AR,,
TONSL,4796,AR,,
TOP2B,7155,AD,,
TOP3A,7156,AR,,
TOPORS,10210,AD,,
TOR1A,1861,AD/AR,,
TOR1AIP1,26092,AR,,
TOR1AIP2,163590,AR,,
TP53,7157,AD,,
TP53RK,112858,AR,,
TP63,8626,AD,,
TP73,7161,AR,,
TPCN2,219931,AD,,
TPH2,121278,AD,,
TPI1,7167,AR,,
TPK1,27010,AR,,
TPM1,7168,AD,,
TPM2,7169,AD,,
TPM3,7170,AD/AR,,
TPM4,7171,AD,,
TPMT,7172,AR,,
TPO,7173,AR,,
TPP1,1200,AR,,
TPP2,7174,AR,,
TPR,7175,AR,,
TPRKB,51002,AR,,
TPRN,286262,AR,,
TPSAB1,7177,AD,,
TRAC,28755,AR,,
TRAF3,7187,AD,,
TRAF3IP1,26146,AR,,
TRAF3IP2,10758,AR,,
TRAF7,84231,AD,,
TRAIP,10293,AR,,
TRAK1,22906,AR,,
TRAP1,10131,AR,,
TRAPPC11,60684,AR,,
TRAPPC12,51112,AR,,
TRAPPC14,55262,AR,,
TRAPPC2,6399,XL,,
TRAPPC2L,51693,AR,,
TRAPPC4,51399,AR,,
TRAPPC6B,122553,AR,,
TRAPPC9,83696,AR,,
TRDN,10345,AR,,
TREH,11181,AR,,
TREM2,54209,AR,,
TREX1,11277,AD/AR,,
TRHR,7201,AR,,
TRIM2,23321,AR,,
TRIM32,22954,AR,,
TRIM36,55521,AR,,
TRIM37,4591,AR,,
TRIM44,54765,AD,,
TRIM71,131405,AD,,
TRIM8,81603,AD,,
TRIO,7204,AD,,
TRIOBP,11078,AR,,
TRIP11,9321,AR,,
TRIP12,9320,AD,,
TRIP13,9319,AR,,
TRIP4,9325,AR,,
TRIT1,54802,AR,,
TRMT1,55621,AR,,
TRMT10A,93587,AR,,
TRMT10C,54931,AR,,
TRMT5,57570,AR,,
TRMU,55687,AD/AR,,
TRNH,4564,Maternal,,
TRNI,4565,Maternal,,
TRNK,4566,Maternal,,
TRNP,4571,Maternal,,
TRNQ,4572,Maternal,,
TRNS2,4575,Maternal,,
TRNT,4576,Maternal,,
TRNT1,51095,AR,,
TRPA1,8989,AD,,
TRPC3,7222,AD,,
TRPC6,7225,AD,,
TRPM1,4308,AR,,
TRPM3,80036,AD,,
TRPM4,54795,AD,,
TRPM6,140803,AR,,
TRPS1,7227,AD,,
TRPV3,162514,AD,,
TRPV4,59341,AD,,
TRRAP,8295,AD,,
TRU-TCA1-1,7234,AR,,
TSC1,7248,AD,,
TSC2,7249,AD,,
TSEN15,116461,AR,,
TSEN2,80746,AR,,
TSEN34,79042,AR,,
TSEN54,283989,AR,,
TSFM,10102,AR,,
TSGA10,80705,AR,,
TSHB,7252,AR,,
TSHR,7253,AD/AR,,
TSHZ1,10194,AD,,
TSPAN12,23554,AD/AR,,
TSPAN7,7102,XL,,
TSPEAR,54084,AR,,
TSPOAP1,9256,AR,,
TSPYL1,7259,AR,,
TSR2,90121,XL,,
TTBK2,146057,AD,,
TTC12,54970,AR,,
TTC19,54902,AR,,
TTC21A,199223,AR,,
TTC21B,79809,AR,,
TTC26,79989,AR,,
TTC29,83894,AR,,
TTC37,9652,AR,,
TTC5,91875,AR,,
TTC7A,57217,AR,,
TTC8,123016,AR,,
TTI1,9675,AR,,
TTI2,80185,AR,,
TTLL5,23093,AR,,
TTN,7273,AD/AR,,
TTPA,7274,AR,,
TTR,7276,AD,,
TUB,7275,AR,,
TUBA1A,7846,AD,,
TUBA3D,113457,AD,,
TUBA4A,7277,AD,,
TUBA8,51807,AD/AR,,
TUBB,203068,AD,,
TUBB1,81027,AD,,
TUBB2A,7280,AD,,
TUBB2B,347733,AD,,
TUBB3,10381,AD/AR,,
TUBB4A,10382,AD,,
TUBB4B,10383,AD,,
TUBB6,84617,AD,,
TUBB8,347688,AD/AR,,
TUBG1,7283,AD,,
TUBGCP2,10844,AR,,
TUBGCP4,27229,AR,,
TUBGCP6,85378,AR,,
TUFM,7284,AR,,
TUFT1,7286,AR,,
TULP1,7287,AR,,
TULP3,7289,AR,,
TUSC3,7991,AR,,
TWIST1,7291,AD,,
TWIST2,117581,AD/AR,,
TWNK,56652,AR,,
TXN2,25828,AR,,
TXNDC15,79770,AR,,
TXNL4A,10907,AR,,
TXNRD2,10587,AR,,
TYK2,7297,AR,,
TYMP,1890,AR,,
TYMS,7298,Digenic,,
TYR,7299,AR,,
TYROBP,7305,AR,,
TYRP1,7306,AR,,
U2AF2,11338,AD,,
UBA1,7317,XL,,
UBA2,10054,AD,,
UBA5,79876,AR,,
UBAP1,51271,AD,,
UBAP2L,9898,AD,,
UBE2A,7319,XL,,
UBE2T,29089,AR,,
UBE3A,7337,AD,,
UBE3B,89910,AR,,
UBE3C,9690,AR,,
UBE4A,9354,AR,,
UBIAD1,29914,AD,,
UBQLN2,29978,XL,,
UBR1,197131,AR,,
UBR7,55148,AR,,
UBTF,7343,AD,,
UCHL1,7345,AD,,
UFC1,51506,AR,,
UFM1,51569,AR,,
UFSP2,55325,AD,,
UGDH,7358,AR,,
UGP2,7360,AR,,
UGT1A1,54658,AD/AR,,
UMOD,7369,AD,,
UMPS,7372,AR,,
UNC119,9094,AD,,
UNC13D,201294,AR,,
UNC45A,55898,AR,,
UNC45B,146862,AD,,
UNC80,285175,AR,,
UNC93B1,81622,AR,,
UNG,7374,AD,,
UPB1,51733,AR,,
UPF3B,65109,XL,,
UPK3A,7380,AD,,
UQCC2,84300,AR,,
UQCC3,790955,AR,,
UQCRB,7381,AR,,
UQCRC1,7384,AD,,
UQCRC2,7385,AR,,
UQCRFS1,7386,AR,,
UQCRH,7388,AR,,
UQCRQ,27089,AR,,
UROC1,131669,AR,,
UROD,7389,AD/AR,,
UROS,7390,AR,,
USB1,79650,AR,,
USH1C,10083,AR,,
USH1G,124590,AR,,
USH2A,7399,AR,,
USP18,11274,AR,,
USP26,83844,XL,,
USP27X,389856,XL,,
USP45,85015,AR,,
USP48,84196,AD,,
USP53,54532,AR,,
USP7,7874,AD,,
USP9X,8239,XL,,
USP9Y,8287,YL,,
UTP4,84916,AR,,
UVSSA,57654,AR,,
VAC14,55697,AR,,
VAMP1,6843,AR,,
VAMP2,6844,AD,,
VANGL1,81839,AD,,
VANGL2,57216,AD,,
VAPB,9217,AD,,
VARS1,7407,AR,,
VARS2,57176,AR,,
VAX1,11023,AR,,
VCAN,1462,AD,,
VCL,7414,AD,,
VCP,7415,AD,,
VDR,7421,AD/AR,,
VEGFC,7424,AD,,
VEZF1,7716,AD,,
VHL,7428,AD/AR,,
VIM,7431,AD,,
VIPAS39,63894,AR,,
VKORC1,79001,AD/AR,,
VLDLR,7436,AR,,
VMA21,203547,XL,,
VPS11,55823,AR,,
VPS13A,23230,AR,,
VPS13B,157680,AR,,
VPS13C,54832,AR,,
VPS13D,55187,AR,,
VPS16,64601,AD/AR,,
VPS33A,65082,AR,,
VPS33B,26276,AR,,
VPS35,55737,AD,,
VPS37A,137492,AR,,
VPS39,23339,AD,,
VPS41,27072,AR,,
VPS45,11311,AR,,
VPS4A,27183,AD,,
VPS50,55610,AR,,
VPS51,738,AR,,
VPS53,55275,AR,,
VRK1,7443,AR,,
VSX1,30813,AD,,
VSX2,338917,AR,,
VWA1,64856,AR,,
VWA3B,200403,AR,,
VWA8,23078,AD,,
VWF,7450,AD,,
WAC,51322,AD,,
WARS1,7453,AD,,
WARS2,10352,AR,,
WAS,7454,XL,,
WASF1,8936,AD,,
WASHC4,23325,AR,,
WASHC5,9897,AR,,
WBP11,51729,AD,,
WBP2,23558,AR,,
WDFY3,23001,AD,,
WDPCP,51057,AR,,
WDR11,55717,AD,,
WDR19,57728,AD/AR,,
WDR26,80232,AD,,
WDR35,57539,AR,,
WDR37,22884,AD,,
WDR4,10785,AR,,
WDR45,11152,XL,,
WDR45B,56270,AR,,
WDR62,284403,AR,,
WDR72,256764,AR,,
WDR73,84942,AR,,
WDR81,124997,AR,,
WEE2,494551,AR,,
WFS1,7466,AR,,
WHRN,25861,AR,,
WIPF1,7456,AR,,
WIPI2,26100,AR,,
WNK1,65125,AD/AR,,
WNK4,65266,AD,,
WNT1,7471,AD/AR,,
WNT10A,80326,AR,,
WNT10B,7480,AD/AR,,
WNT2B,7482,AR,,
WNT3,7473,AR,,
WNT4,54361,AD/AR,,
WNT5A,7474,AD,,
WNT7A,7476,AR,,
WRAP53,55135,AR,,
WRN,7486,AR,,
WT1,7490,AD,,
WWOX,51741,AR,,
XDH,7498,AR,,
XG,7499,BG,,
XGR,2000000000,BG,,
XIAP,331,XL,,
XIST,7503,XL,,
XK,7504,XL,,
XPA,7507,AR,,
XPC,7508,AR,,
XPNPEP2,7512,XL,,
XPNPEP3,63929,AR,,
XPR1,9213,AD,,
XRCC1,7515,AR,,
XRCC2,7516,AR,,
XRCC4,7518,AR,,
XYLT1,64131,AR,,
XYLT2,64132,AR,,
YAP1,10413,AD,,
YARS1,8565,AR,,
YARS2,51067,AR,,
YEATS2,55689,AD,,
YIF1B,90522,AR,,
YIPF5,81555,AR,,
YME1L1,10730,AR,,
YWHAG,7532,AD,,
YWHAZ,7534,AD,,
YY1,7528,AD,,
YY1AP1,55249,AR,,
ZAP70,7535,AR,,
ZBTB11,27107,AR,,
ZBTB16,7704,AR,,
ZBTB18,10472,AD,,
ZBTB20,26137,AD,,
ZBTB24,9841,AR,,
ZBTB42,100128927,AR,,
ZBTB7A,51341,AD,,
ZC3H14,79882,AR,,
ZC4H2,55906,XL,,
ZCCHC8,55596,AD,,
ZDHHC15,158866,XL,,
ZDHHC9,51114,XL,,
ZEB1,6935,AD,,
ZEB2,9839,AD,,
ZFHX2,85446,AD,,
ZFP36L2,678,AR,,
ZFP57,346171,AD,,
ZFPM2,23414,AD,,
ZFYVE19,84936,AR,,
ZFYVE26,23503,AR,,
ZFYVE27,118813,AD,,
ZIC1,7545,AD,,
ZIC2,7546,AD,,
ZIC3,7547,XL,,
ZIM2,23619,AD,,
ZMIZ1,57178,AD,,
ZMPSTE24,10269,AD/AR,,
ZMYM2,7750,AD,,
ZMYM3,9203,XL,,
ZMYND10,51364,AR,,
ZMYND11,10771,AD,,
ZMYND15,84225,AR,,
ZNF141,7700,AR,,
ZNF142,7701,AR,,
ZNF148,7707,AD,,
ZNF292,23036,AD,,
ZNF335,63925,AR,,
ZNF341,84905,AR,,
ZNF407,55628,AR,,
ZNF408,79797,AD/AR,,
ZNF41,7592,XL,,
ZNF423,23090,AD/AR,,
ZNF462,58499,AD,,
ZNF469,84627,AR,,
ZNF480,147657,AD,,
ZNF513,130557,AR,,
ZNF526,116115,AR,,
ZNF565,147929,AD,,
ZNF592,9640,AR,,
ZNF644,84146,AD,,
ZNF668,79759,AR,,
ZNF674,641339,XL,,
ZNF687,57592,AD,,
ZNF699,374879,AR,,
ZNF711,7552,XL,,
ZNF750,79755,AD,,
ZNF81,347344,XL,,
ZNFX1,57169,AR,,
ZNHIT3,9326,AR,,
ZP1,22917,AR,,
ZP2,7783,AR,,
ZP3,7784,AD,,
ZPBP,11055,AR,,
ZPR1,8882,AR,,
ZSWIM6,57688,AD,,
ZSWIM7,125150,AR,,
