GENE SYMBOL,MOI,start_pos,end_pos
A2ML1,AD,,
AARS2,AR,,
AASS,AR,,
ABAT,AR,,
ABCA4,AR,,
ABCB4,AR,,
ABCB7,XL,,
ABCC4,AR,,
ABCC8,AD,,
ABCC8,SD,,
ABCC9,AD,,
ABCD1,XL,,
ABCD3,AR,,
ABCD4,AR,,
ABCG5,AR,,
ABCG8,AR,,
ABHD12,AR,,
ABHD5,AR,,
ACAD8,AR,,
ACAD9,AR,,
ACADL,AR,,
ACADM,AR,,
ACADS,AR,,
ACADSB,AR,,
ACADVL,AR,,
ACAT1,AR,,
ACAT2,Undetermined,,
ACBD5,AR,,
ACOX1,AD,,
ACOX1,AR,,
ACOX2,AR,,
ACSF3,AR,,
ACSL4,XL,,
ACTA1,AR,,
ACTA1,AD,,
ACTA2,AD,,
ACTB,AD,,
ACTB,AD,,
ACTC1,AD,,
ACTC1,AD,,
ACTC1,AD,,
ACTG1,AD,,
ACTG1,AD,,
ACTL6A,AD,,
ACTN1,AD,,
ACTN2,AD,,
ACVR1,AD,,
ACVR1,AD,,
ACVRL1,AD,,
ACY1,AR,,
ADA,AR,,
ADA2,AR,,
ADAM17,AD,,
ADAM9,AR,,
ADAMTS13,AR,,
ADAMTS18,AR,,
ADAMTS9,AR,,
ADAR,AR,,
ADAR,AR,,
ADCY1,AR,,
ADD3,AR,,
ADGRG1,AR,,
ADGRV1,AR,,
ADGRV1,AR,,
ADK,AR,,
ADNP,AD,,
ADSL,AR,,
AFF2,XL,,
AGA,AR,,
AGK,AR,,
AGL,AR,,
AGO2,AD,,
AGPS,AR,,
AGTR2,XL,,
AGXT,AR,,
AHCY,AR,,
AHDC1,AD,,
AHI1,AR,,
AICDA,AR,,
AICDA,AD,,
AIFM1,XL,,
AIFM1,XL,,
AIPL1,AR,,
AK2,AR,,
AK7,AR,,
AK7,AR,,
AKAP9,AD,,
AKT3,AD,,
AKT3,AD,,
ALAD,AR,,
ALAS2,XL,,
ALDH18A1,SD,,
ALDH4A1,AR,,
ALDH5A1,AR,,
ALDH6A1,AR,,
ALDH7A1,AR,,
ALG11,AR,,
ALG12,AR,,
ALG13,XL,,
ALG2,AR,,
ALG3,AR,,
ALG6,AR,,
ALG8,AD,,
ALG9,AD,,
ALK,AD,,
ALMS1,AR,,
ALPK3,AR,,
ALPL,AD,,
ALPL,AR,,
ALPL,AD,,
ALPL,AR,,
ALS2,AR,,
ALX1,AR,,
ALX3,AR,,
AMACR,AR,,
AMT,AR,,
ANG,AD,,
ANGPTL3,AR,,
ANK1,AR,,
ANK1,AD,,
ANK2,AD,,
ANK2,AD,,
ANK2,AD,,
ANK2,AD,,
ANK3,AR,,
ANKRD1,AD,,
ANKRD1,AD,,
ANKRD11,AD,,
ANKRD17,AD,,
ANKRD26,AD,,
ANKS6,AR,,
ANO5,AR,,
ANO6,AR,,
ANOS1,XL,,
ANTXR2,AR,,
ANXA11,AD,,
AP1G1,AD,,
AP1G1,AR,,
AP1S1,AR,,
AP1S2,XL,,
AP3B1,AR,,
AP3D1,AR,,
AP4B1,AR,,
AP4E1,AR,,
AP4M1,AR,,
AP4S1,AR,,
AP5Z1,AR,,
APC,AD,,
APC,AD,,
APC2,AR,,
APOB,AD,,
APOB,SD,,
APOL1,AR,,
APPL1,AD,,
AQP1,AD,,
AQP5,AD,,
AR,XL,,
ARG1,AR,,
ARHGEF1,AR,,
ARHGEF10,AD,,
ARHGEF6,XL,,
ARHGEF9,XL,,
ARID1A,AD,,
ARID1B,AD,,
ARID2,AD,,
ARL13B,AR,,
ARL2BP,AR,,
ARL6IP1,AR,,
ARMC2,AR,,
ARMC9,AR,,
ARPC1B,AR,,
ARPP21,AD,,
ARSA,AR,,
ARSB,AR,,
ARSL,XL,,
ARX,XL,,
ARX,XL,,
ASAH1,AR,,
ASB10,AD,,
ASH1L,AD,,
ASL,AR,,
ASNS,AR,,
ASPA,AR,,
ASS1,AR,,
ASXL1,AD,,
ASXL2,AD,,
ASXL3,AD,,
ATCAY,AR,,
ATE1,AR,,
ATF6,AR,,
ATF6,AR,,
ATG5,AR,,
ATG7,AR,,
ATL1,AD,,
ATL3,AD,,
ATM,AD,,
ATM,AD,,
ATM,AD,,
ATM,AR,,
ATP13A2,AR,,
ATP13A3,SD,,
ATP1A1,AD,,
ATP1A3,AD,,
ATP5MK,AR,,
ATP6AP1,XL,,
ATP6AP2,XL,,
ATP6V1B1,AR,,
ATP7A,XL,,
ATP7A,XL,,
ATP7B,AR,,
ATRX,XL,,
ATXN2,AD,,
AUH,AR,,
AUTS2,AD,,
AVPR1A,Undetermined,,
AXIN2,AD,,
B4GALNT1,AR,,
B4GAT1,AR,,
B9D1,AR,,
B9D2,AR,,
BAAT,AR,,
BACH2,AD,,
BAG3,AD,,
BAG3,AD,,
BAP1,AD,,
BARD1,AD,,
BARD1,AD,,
BARD1,AD,,
BAZ2B,AD,,
BBS1,AR,,
BBS10,AR,,
BBS7,AR,,
BBS9,AR,,
BCAP31,XL,,
BCAT2,AR,,
BCKDHA,AR,,
BCKDHB,AR,,
BCKDK,AR,,
BCL10,AR,,
BCL11A,AD,,
BCL9,AD,,
BCOR,XL,,
BCS1L,AR,,
BCS1L,AR,,
BDP1,AR,,
BEST1,AD,,
BGN,AD,,
BIN1,SD,,
BLK,AD,,
BLM,AR,,
BLNK,AR,,
BLOC1S3,AR,,
BLOC1S6,AR,,
BMP10,AD,,
BMP10,AD,,
BMPR1A,AD,,
BMPR1A,Undetermined,,
BMPR1B,Undetermined,,
BMPR2,AD,,
BMPR2,AD,,
BPTF,AD,,
BRAF,AD,,
BRAF,AD,,
BRAF,AD,,
BRAF,AD,,
BRAT1,AR,,
BRAT1,AR,,
BRCA1,AD,,
BRCA1,AR,,
BRCA2,AD,,
BRCA2,AR,,
BRD4,AD,,
BRIP1,AR,,
BRIP1,AD,,
BRIP1,AD,,
BRSK2,AD,,
BRWD1,AR,,
BRWD1,AD,,
BRWD3,XL,,
BSCL2,AD,,
BSND,AR,,
BTD,AR,,
BTD,AR,,
BTK,XL,,
BTK,XL,,
BUB1,AD,,
BUB1B,AR,,
BVES,AR,,
C1QB,AR,,
C1QBP,AR,,
C2CD3,AR,,
C3,AD,,
C9orf72,AD,,
CA5A,AR,,
CABP2,AR,,
CACNA1B,AR,,
CACNA1C,AD,,
CACNA1C,AD,,
CACNA1C,AD,,
CACNA1D,AR,,
CACNA1F,XL,,
CACNA1H,AD,,
CACNA2D1,AD,,
CACNA2D1,AD,,
CACNA2D2,AR,,
CACNA2D4,AR,,
CACNB2,AD,,
CACNB2,AD,,
CACNB2,AD,,
CACNB4,AD,,
CACNG2,AD,,
CALM1,AD,,
CALM1,AD,,
CALM2,AD,,
CALM2,AD,,
CALM3,AD,,
CALM3,AD,,
CALR3,AD,,
CAMK2G,AD,,
CAMTA1,AD,,
CAPN3,AD,,
CAPN3,AR,,
CAPN5,AD,,
CARD11,AD,,
CARD11,AR,,
CARD11,AD,,
CARS2,AR,,
CASK,XL,,
CASQ2,AD,,
CASQ2,AR,,
CASQ2,AD,,
CASR,AR,,
CASR,AD,,
CASR,AD,,
CASR,AD,,
CAT,AR,,
CAV1,AD,,
CAV1,AD,,
CAV2,AD,,
CAV3,AD,,
CAV3,AD,,
CBL,AD,,
CBS,AR,,
CC2D1A,AR,,
CC2D2A,AR,,
CCDC103,AR,,
CCDC22,XL,,
CCDC39,AR,,
CCDC40,AR,,
CCDC50,AD,,
CCDC78,AD,,
CCNF,AD,,
CCNO,AR,,
CD164,AD,,
CD19,AR,,
CD247,AR,,
CD320,AR,,
CD3D,AR,,
CD3E,AR,,
CD3G,AR,,
CD40,AR,,
CD40LG,XL,,
CD79A,AR,,
CD79B,AR,,
CD81,AR,,
CD8A,AR,,
CDC14A,AR,,
CDC14A,AR,,
CDC42,AD,,
CDC45,AR,,
CDC73,AD,,
CDCA7,AR,,
CDH1,AD,,
CDH1,AD,,
CDH1,AD,,
CDH15,AD,,
CDH2,AD,,
CDH2,AD,,
CDH23,AR,,
CDH23,AR,,
CDH3,AR,,
CDK13,AD,,
CDK16,XL,,
CDK4,AD,,
CDK5RAP2,AR,,
CDKL5,XL,,
CDKN1B,AR,,
CDKN1B,AD,,
CDKN2A,AD,,
CDT1,AR,,
CEACAM16,AR,,
CEACAM16,AD,,
CEBPA,AD,,
CEL,AD,,
CEMIP,AR,,
CENPJ,AR,,
CEP152,AR,,
CEP164,AR,,
CEP290,AR,,
CEP57,AR,,
CEP78,AR,,
CERKL,AR,,
CFAP221,AR,,
CFAP298,AR,,
CFAP300,AR,,
CFAP43,AR,,
CFAP43,Undetermined,,
CFAP43,AD,,
CFAP47,XL,,
CFAP57,AR,,
CFAP74,AR,,
CFB,AD,,
CFH,SD,,
CFI,AD,,
CFL2,AR,,
CHAMP1,AD,,
CHCHD10,AD,,
CHCHD10,AD,,
CHD1L,AD,,
CHD2,AD,,
CHD3,AD,,
CHD7,AD,,
CHD8,AD,,
CHEK1,AD,,
CHEK1,AD,,
CHEK2,AD,,
CHEK2,AD,,
CHEK2,AD,,
CHM,XL,,
CHMP2B,AD,,
CHRD,AR,,
CHRNA2,AD,,
CHRNA2,AD,,
CHRNA4,AD,,
CHRNA7,Undetermined,,
CHRNB2,AD,,
CHRNG,AR,,
CIB2,AR,,
CIB2,AR,,
CIITA,AR,,
CISD2,AR,,
CITED2,AD,,
CLCN2,AD,,
CLCN4,XL,,
CLCN7,AD,,
CLCN7,AD,,
CLCN7,AR,,
CLDN14,AR,,
CLIC2,XL,,
CLN3,AR,,
CLN5,AR,,
CLN6,AR,,
CLN8,AR,,
CLPB,AR,,
CLPP,AR,,
CLRN1,AR,,
CNGA1,AR,,
CNGA3,AR,,
CNGB1,AR,,
CNGB3,AR,,
CNKSR2,XL,,
CNNM4,AR,,
CNOT1,AD,,
CNOT1,AD,,
CNOT3,AD,,
CNTN2,AR,,
CNTN4,AD,,
CNTN6,AD,,
CNTNAP2,AR,,
CNTNAP2,AD,,
COA3,AR,,
COA8,AR,,
COCH,AD,,
COG1,AR,,
COG2,AR,,
COG4,AR,,
COL11A2,AD,,
COL11A2,AD,,
COL11A2,AR,,
COL11A2,AR,,
COL18A1,AR,,
COL1A1,AD,,
COL1A1,AD,,
COL1A1,AD,,
COL1A1,AD,,
COL1A1,AD,,
COL1A1,AD,,
COL1A1,AD,,
COL1A1,AD,,
COL1A2,AD,,
COL1A2,AD,,
COL1A2,AD,,
COL1A2,AD,,
COL1A2,AD,,
COL1A2,AR,,
COL1A2,AD,,
COL2A1,AD,,
COL2A1,AD,,
COL2A1,AD,,
COL2A1,AD,,
COL2A1,AD,,
COL2A1,AD,,
COL2A1,AD,,
COL2A1,AD,,
COL2A1,AD,,
COL3A1,AD,,
COL4A3,SD,,
COL4A4,SD,,
COL4A5,XL,,
COL4A6,XL,,
COL5A1,AD,,
COL5A2,AD,,
COL6A1,AD,,
COL6A1,AR,,
COL6A2,AD,,
COL6A2,AR,,
COL6A3,AD,,
COL6A3,AR,,
COL6A3,AR,,
COL7A1,AR,,
COL9A1,AR,,
COL9A2,AR,,
COL9A3,AR,,
COMP,AD,,
COMP,AD,,
COPG1,AR,,
COQ2,AR,,
COQ4,AR,,
COQ8B,AR,,
COQ9,AR,,
CORO1A,AR,,
COX10,AR,,
COX10,AR,,
COX14,AR,,
COX15,AR,,
COX15,AR,,
COX20,AR,,
COX4I1,AR,,
COX6B1,AR,,
COX8A,AR,,
CPA6,AD,,
CPA6,AR,,
CPAMD8,AR,,
CPLANE1,AR,,
CPOX,SD,,
CPS1,AR,,
CPT1A,AR,,
CPT1B,Undetermined,,
CPT1C,AD,,
CPT2,AR,,
CR2,AR,,
CRADD,AR,,
CRB2,AR,,
CRBN,AR,,
CREBBP,AD,,
CRELD1,AD,,
CRH,AD,,
CRKL,Undetermined,,
CRPPA,AR,,
CRYM,AD,,
CSDE1,AD,,
CSNK2A1,AD,,
CSNK2B,AD,,
CSPP1,AR,,
CSRP3,SD,,
CSRP3,AD,,
CSRP3,AD,,
CSTB,AR,,
CSTB,AR,,
CTCF,AD,,
CTF1,AD,,
CTH,AR,,
CTLA4,AD,,
CTNNA1,AD,,
CTNNA1,AD,,
CTNNA3,AD,,
CTNNA3,Undetermined,,
CTNNB1,AD,,
CTNNBL1,AR,,
CTSA,AR,,
CTSD,AR,,
CTSF,AR,,
CTSK,AR,,
CUL3,AD,,
CUL3,AD,,
CUL4B,XL,,
CUX2,AD,,
CXCR4,AD,,
CYC1,AR,,
CYCS,AD,,
CYLD,AD,,
CYLD,AD,,
CYP11B2,AR,,
CYP2U1,AR,,
CYP4V2,AR,,
CYS1,AR,,
DAO,AD,,
DARS2,AR,,
DBT,AR,,
DCAF17,AR,,
DCC,AD,,
DCDC2,AR,,
DCDC2,AR,,
DCLRE1C,AR,,
DCTN1,AD,,
DCX,XL,,
DDB2,AR,,
DDC,AR,,
DDHD1,AR,,
DDR2,AR,,
DDR2,AD,,
DDX3X,XL,,
DDX41,AD,,
DECR1,Undetermined,,
DEPDC5,AD,,
DES,AD,,
DES,AD,,
DHCR7,AR,,
DHTKD1,AR,,
DIABLO,AD,,
DIAPH1,AD,,
DIAPH3,AD,,
DICER1,AD,,
DIS3L2,AR,,
DISP1,AD,,
DKC1,XL,,
DKC1,XL,,
DLAT,AR,,
DLD,AR,,
DLD,AR,,
DLG3,XL,,
DLG4,AD,,
DLGAP2,AD,,
DMD,XL,,
DMGDH,AR,,
DMXL2,AD,,
DNAAF1,AR,,
DNAAF11,AR,,
DNAAF3,AR,,
DNAH1,AR,,
DNAH1,AR,,
DNAH11,AR,,
DNAH17,AR,,
DNAH5,AR,,
DNAH8,AR,,
DNAH8,AR,,
DNAI1,AR,,
DNAI2,AR,,
DNAJB11,AR,,
DNAJB11,AD,,
DNAJB2,AR,,
DNAJB6,AD,,
DNAJC12,AR,,
DNAJC19,AR,,
DNAJC5,AD,,
DNAJC7,AD,,
DNM1L,AR,,
DNM1L,AD,,
DNM1L,AD,,
DNM2,AD,,
DNM2,AD,,
DNMT1,AD,,
DNMT3A,AD,,
DNMT3A,AD,,
DNMT3B,AR,,
DOCK2,AR,,
DOCK6,AR,,
DOCK7,AR,,
DOCK8,AR,,
DPF2,AD,,
DPM1,AR,,
DPM3,AR,,
DPP6,AD,,
DSC2,AD,,
DSG2,AD,,
DSG2,AD,,
DSP,AD,,
DSP,AD,,
DSPP,AD,,
DST,AR,,
DSTYK,AR,,
DTNA,AD,,
DTNBP1,AR,,
DYNC1H1,AD,,
DYRK1A,AD,,
DYSF,AR,,
DZIP1L,AR,,
EARS2,AR,,
EBF3,AD,,
EBP,XL,,
ECHS1,AR,,
ECHS1,AR,,
EDN3,AD,,
EDN3,AR,,
EDNRB,AD,,
EDNRB,AR,,
EED,AD,,
EEF1A2,AD,,
EFEMP1,AD,,
EFEMP2,AR,,
EFHC1,AD,,
EFNB1,XL,,
EFTUD2,AD,,
EGFR,AD,,
EGR2,SD,,
EHHADH,AD,,
EHMT1,AD,,
EIF2AK4,AR,,
EIF2S3,AD,,
EIF3F,AR,,
ELANE,AD,,
ELMOD3,AD,,
ELMOD3,AR,,
ELOVL4,AD,,
EMC1,AR,,
EMC1,AD,,
EN2,AD,,
ENG,AD,,
ENG,AD,,
ENTPD1,AR,,
EP300,AD,,
EPB41L1,AD,,
EPCAM,AD,,
EPCAM,AD,,
EPHB4,AD,,
EPHX1,AD,,
EPM2A,AR,,
EPS8,AR,,
EPS8L2,AR,,
ERBB4,AD,,
ERCC2,AR,,
ERCC3,AR,,
ERCC4,AR,,
ERCC5,AR,,
ERCC6,AR,,
ERCC8,AR,,
ERF,AD,,
ERLIN1,AR,,
ESCO2,AR,,
ESPN,AR,,
ESPN,AD,,
ESRRB,AR,,
ETFA,AR,,
ETFB,AR,,
ETFDH,AR,,
ETHE1,AR,,
ETS1,AD,,
ETV6,AD,,
EWSR1,Undetermined,,
EXO1,AD,,
EXOC2,AR,,
EXOC7,AR,,
EXT1,AD,,
EXT2,AD,,
EYA1,AD,,
EYA4,AD,,
EYA4,AD,,
EYS,AR,,
EZH2,AD,,
F10,AR,,
F11,SD,,
F12,AR,,
F12,AD,,
F13A1,AR,,
F13B,AR,,
F2,AD,,
F2,AR,,
F5,AD,,
F5,AR,,
F7,AR,,
F8,XL,,
F9,XL,,
F9,XL,,
FAH,AR,,
FAN1,AD,,
FANCA,AR,,
FANCB,XL,,
FANCC,AR,,
FANCD2,AR,,
FANCE,AR,,
FANCF,AR,,
FANCG,AR,,
FANCI,AR,,
FANCL,AR,,
FAR1,AD,,
FAR1,AR,,
FARS2,AR,,
FASTKD2,AR,,
FBLN2,AD,,
FBLN2,AD,,
FBLN5,AD,,
FBN1,AD,,
FBN1,AD,,
FBN1,AD,,
FBN2,AD,,
FBXL4,AR,,
FBXO38,AD,,
FCHO1,AR,,
FECH,AR,,
FERMT3,AR,,
FGA,SD,,
FGB,SD,,
FGD1,XL,,
FGD4,AR,,
FGF12,AD,,
FGF3,AR,,
FGFR1,AD,,
FGFR1,AD,,
FGFR1,AD,,
FGFR2,AD,,
FGFR2,AD,,
FGFR2,AD,,
FGFR2,AD,,
FGFR3,AD,,
FGFR3,AD,,
FGFR3,AD,,
FGFR3,SD,,
FGFR3,AD,,
FGFR3,AD,,
FGFR3,AD,,
FGFR3,AD,,
FGG,SD,,
FH,AD,,
FIG4,AR,,
FIG4,AD,,
FITM2,AR,,
FKRP,AR,,
FKTN,AR,,
FLAD1,AR,,
FLCN,AD,,
FLI1,AD,,
FLNA,XL,,
FLNA,XL,,
FLNC,AD,,
FLNC,AD,,
FLT4,AD,,
FLVCR1,AR,,
FMO3,AR,,
FMO5,AD,,
FMR1,XL,,
FN1,AD,,
FNIP1,AR,,
FOLR1,AR,,
FOXA2,AD,,
FOXC1,AD,,
FOXC2,AD,,
FOXD3,AD,,
FOXE3,AD,,
FOXG1,AD,,
FOXI1,AR,,
FOXI1,AR,,
FOXJ1,AD,,
FOXL1,AD,,
FOXN1,SD,,
FOXP1,AD,,
FOXP1,AD,,
FOXP2,AD,,
FOXRED1,AR,,
FOXRED1,AR,,
FRAS1,AR,,
FRMPD4,XL,,
FTSJ1,XL,,
FUCA1,AR,,
FUS,AD,,
FXN,AR,,
FXYD2,AD,,
FYB1,AR,,
G6PD,XL,,
G6PD,XL,,
GAA,AR,,
GABRA1,AD,,
GABRB3,AD,,
GABRD,AD,,
GABRD,AD,,
GABRG2,AD,,
GAD1,AR,,
GALC,AR,,
GALE,AR,,
GALK1,AR,,
GALM,AR,,
GALNS,AR,,
GALNT12,AD,,
GALNT2,AR,,
GALNT3,AR,,
GALT,AR,,
GAMT,AR,,
GAN,AR,,
GANAB,AD,,
GARS1,AD,,
GAS1,AD,,
GAS2L2,AR,,
GATA1,XL,,
GATA2,AD,,
GATA3,AD,,
GATA4,AD,,
GATAD1,AR,,
GATAD2B,AD,,
GATM,AR,,
GBA1,AD,,
GBA1,AR,,
GBE1,AR,,
GCDH,AR,,
GCH1,SD,,
GCK,AD,,
GCSH,AR,,
GDAP1,SD,,
GDF2,AD,,
GDF2,AD,,
GDI1,XL,,
GEN1,AD,,
GEN1,AD,,
GFAP,AD,,
GFI1B,AD,,
GFM1,AR,,
GFM2,AR,,
GGCX,AR,,
GGCX,AD,,
GIPC3,AR,,
GJA1,AD,,
GJB1,XL,,
GJB2,AR,,
GJB3,AD,,
GJB3,AD,,
GJB6,AR,,
GJB6,AD,,
GK,XL,,
GLA,XL,,
GLB1,AR,,
GLB1,AR,,
GLDC,AR,,
GLE1,AD,,
GLIS2,AR,,
GLS,AR,,
GLS,AD,,
GLT8D1,AD,,
GLUD1,AD,,
GLUL,AR,,
GM2A,AR,,
GMPPA,AR,,
GMPPB,AR,,
GNAI1,AD,,
GNAO1,AD,,
GNAO1,AD,,
GNAT2,AR,,
GNB4,AD,,
GNE,AR,,
GNMT,AR,,
GNPAT,AR,,
GNPTAB,AR,,
GNPTG,AR,,
GNS,AR,,
GP1BA,AR,,
GP1BA,AD,,
GP1BB,AR,,
GP6,AR,,
GP9,AR,,
GPAA1,AR,,
GPC3,XL,,
GPD1L,AD,,
GPHN,AR,,
GPR143,XL,,
GPR179,AR,,
GPSM2,AR,,
GPT2,AR,,
GREM1,AD,,
GRHL2,AD,,
GRIA2,AD,,
GRIA3,XL,,
GRIK2,AR,,
GRIK2,AD,,
GRIN1,AR,,
GRIN1,AD,,
GRIN2A,AD,,
GRIN2B,AD,,
GRIN2D,AD,,
GRIP1,AR,,
GRK1,AR,,
GRM6,AR,,
GRN,AR,,
GRN,AD,,
GRXCR1,AR,,
GRXCR2,AR,,
GSDME,AD,,
GSS,AR,,
GSTZ1,AR,,
GSX2,AR,,
GTPBP3,AR,,
GUCY2D,AD,,
GUCY2D,AR,,
GUSB,AR,,
GYG1,AR,,
GYS1,AR,,
H1-4,AD,,
HAAO,AR,,
HACD1,AR,,
HADH,AR,,
HADHA,AR,,
HADHB,AR,,
HAL,AR,,
HAND1,AD,,
HAND2,AD,,
HARS1,AR,,
HARS2,AR,,
HBA2,AR,,
HBB,AR,,
HBB,AR,,
HBB,AD,,
HCFC1,XL,,
HCN1,AD,,
HCN4,AD,,
HCN4,AD,,
HDAC8,XL,,
HECW2,AD,,
HECW2,AR,,
HELLS,AR,,
HEPACAM,AD,,
HEPACAM,AR,,
HEXA,AR,,
HEXB,AR,,
HGD,AR,,
HGF,AR,,
HGSNAT,AR,,
HIBADH,AR,,
HIBCH,AR,,
HIBCH,AR,,
HINT1,AR,,
HLCS,AR,,
HMBS,SD,,
HMGCL,AR,,
HMGCS2,AR,,
HMOX1,AR,,
HMX1,AR,,
HNF1A,AD,,
HNF1B,AD,,
HNF4A,AD,,
HNRNPA2B1,AD,,
HNRNPDL,AD,,
HNRNPK,AD,,
HNRNPR,AD,,
HNRNPU,AD,,
HOMER2,AD,,
HOXA1,AR,,
HOXA11,AD,,
HPD,AD,,
HPD,AR,,
HPDL,AR,,
HPRT1,XL,,
HPS1,AR,,
HPS3,AR,,
HPS4,AR,,
HPS5,AR,,
HPS6,AR,,
HRAS,AD,,
HRAS,AD,,
HRG,AD,,
HSD17B10,XL,,
HSD17B4,AR,,
HSD17B4,AR,,
HSD3B7,AR,,
HSPB1,AD,,
HSPB8,AD,,
HSPG2,AR,,
HSPG2,AR,,
HTRA2,AR,,
HTT,AD,,
HUWE1,XL,,
HYAL1,AR,,
HYDIN,AR,,
HYKK,Undetermined,,
IARS2,AR,,
IBA57,AR,,
ICOS,AR,,
ICOSLG,AR,,
ID2,AD,,
IDH2,AD,,
IDH3B,AR,,
IDS,XL,,
IDUA,AR,,
IFT122,AR,,
IFT140,AD,,
IFT140,AR,,
IGBP1,XL,,
IGF2,AD,,
IGHM,AR,,
IGHMBP2,AR,,
IGKC,AR,,
IGLL1,AR,,
IKBKB,AR,,
IKBKG,XL,,
IKBKG,XL,,
IKZF1,AD,,
IKZF1,AD,,
IKZF2,SD,,
IKZF3,AD,,
IKZF5,AD,,
IL11RA,AR,,
IL1RAPL1,XL,,
IL21,AR,,
IL21R,AR,,
IL2RG,XL,,
IL6R,AR,,
IL7R,AR,,
ILDR1,AR,,
ILK,AD,,
IMPG1,AD,,
IMPG1,AR,,
IMPG2,AR,,
INF2,AD,,
INO80,AR,,
INPP5E,AR,,
INPP5E,AR,,
INS,AR,,
INS,AD,,
INVS,AR,,
IQSEC2,XL,,
IRF2BP2,AD,,
IRF2BPL,AD,,
IRX4,AD,,
ISCA2,AR,,
ISCU,AR,,
ITGA2B,AD,,
ITGA2B,AR,,
ITGA3,AR,,
ITGB3,AR,,
ITGB3,AD,,
ITK,AR,,
ITPKB,AR,,
ITPR1,AD,,
ITPR1,AD,,
IVD,AR,,
JAK3,AR,,
JPH2,SD,,
JPH2,AD,,
KANSL1,AD,,
KARS1,AR,,
KAT6A,AD,,
KAT6B,AD,,
KAT6B,AD,,
KATNAL2,AD,,
KATNIP,AR,,
KBTBD13,AD,,
KCNA1,AD,,
KCNA2,AD,,
KCNA2,AD,,
KCNB1,AD,,
KCNC1,AD,,
KCNC1,AD,,
KCNC2,AD,,
KCND3,AD,,
KCNE1,AD,,
KCNE2,AD,,
KCNE3,AD,,
KCNE5,AD,,
KCNH1,AD,,
KCNH2,AD,,
KCNH2,AD,,
KCNH2,AD,,
KCNH5,AD,,
KCNJ10,AD,,
KCNJ10,AR,,
KCNJ11,AD,,
KCNJ16,AR,,
KCNJ2,AD,,
KCNJ2,AD,,
KCNJ2,AD,,
KCNJ5,AD,,
KCNJ8,AD,,
KCNK3,AD,,
KCNMA1,AD,,
KCNMA1,AR,,
KCNQ1,AR,,
KCNQ1,AD,,
KCNQ1,AD,,
KCNQ1,AD,,
KCNQ2,AD,,
KCNQ2,AD,,
KCNQ2,AD,,
KCNQ4,AD,,
KCNT1,AD,,
KCTD7,AR,,
KDM5A,AD,,
KDM5B,AR,,
KDM5C,XL,,
KDM6A,XL,,
KDM6B,AR,,
KDM6B,AD,,
KDR,AD,,
KDSR,AR,,
KIF11,AD,,
KIF1A,AD,,
KIF1B,AD,,
KIF21A,AD,,
KIF5A,AD,,
KIF5A,AD,,
KIF5C,AD,,
KIT,AD,,
KITLG,AD,,
KIZ,AR,,
KLF10,AD,,
KLF11,AD,,
KLF2,AD,,
KLHL24,AR,,
KLHL40,AR,,
KLHL41,AR,,
KLK1,AD,,
KLKB1,AR,,
KMO,AR,,
KMT2A,AD,,
KMT2B,AD,,
KMT2C,AD,,
KMT2D,AD,,
KMT2E,AD,,
KMT5B,AD,,
KNG1,AR,,
KRAS,AD,,
KRAS,AD,,
KRAS,AD,,
KYNU,AR,,
L1CAM,XL,,
L2HGDH,AR,,
LAMA2,AR,,
LAMA4,AD,,
LAMB1,AR,,
LAMC3,AD,,
LAMP2,XL,,
LARS2,AR,,
LAS1L,XL,,
LAT,AR,,
LBR,AR,,
LBR,AR,,
LCA5,AR,,
LCK,AR,,
LDB3,AD,,
LDB3,AD,,
LDLR,SD,,
LDLRAP1,AR,,
LGALSL,Undetermined,,
LGI1,AD,,
LHFPL5,AR,,
LIAS,AR,,
LIFR,AR,,
LIG4,AR,,
LINS1,AR,,
LIPA,AR,,
LIPT1,AR,,
LITAF,AD,,
LMAN1,AR,,
LMBRD1,AR,,
LMNA,AD,,
LMNA,AD,,
LMOD3,AR,,
LMX1B,AD,,
LONP1,AR,,
LOX,AD,,
LOXHD1,AR,,
LPIN1,AR,,
LRBA,AR,,
LRP4,AR,,
LRP4,AR,,
LRP5,AR,,
LRPPRC,AR,,
LRRC10,AR,,
LRRK2,AD,,
LRSAM1,AD,,
LRTOMT,AR,,
LTBP2,AR,,
LYRM7,AR,,
LYST,AR,,
LZTR1,AD,,
LZTR1,AR,,
MAB21L2,AD,,
MACF1,AD,,
MAG,AR,,
MAGEL2,AD,,
MAGI2,AD,,
MAGT1,XL,,
MAK,AR,,
MALT1,AR,,
MAN1B1,AR,,
MAN2B1,AR,,
MAN2B2,AR,,
MANBA,AR,,
MAOA,XL,,
MAP2K1,AD,,
MAP2K1,AD,,
MAP2K1,AD,,
MAP2K1,AD,,
MAP2K2,AD,,
MAP2K2,AD,,
MAP3K14,AR,,
MAP3K20,AR,,
MAPK8IP3,AD,,
MAPKBP1,AR,,
MARS1,AD,,
MARS2,AR,,
MARVELD2,AR,,
MAT1A,AR,,
MAT2A,AD,,
MATR3,AD,,
MAX,AD,,
MBD5,AD,,
MBTPS2,XL,,
MCCC1,AR,,
MCCC2,AR,,
MCEE,AR,,
MCFD2,AR,,
MCIDAS,AR,,
MCM2,AD,,
MCM3AP,AR,,
MCM4,AR,,
MCOLN1,AR,,
MCPH1,AD,,
MCPH1,AD,,
MCPH1,AR,,
MECOM,AD,,
MECP2,XL,,
MECR,AR,,
MED12,XL,,
MED13,AD,,
MED13L,AD,,
MED23,AR,,
MED25,AR,,
MEF2C,AD,,
MEFV,SD,,
MEGF10,AR,,
MEGF8,AR,,
MEIS2,AD,,
MEN1,AD,,
MERTK,AR,,
MET,AD,,
MET,AD,,
MET,AR,,
MFAP5,AD,,
MFF,AR,,
MFF,AR,,
MFN2,SD,,
MFSD8,AR,,
MGME1,AR,,
MIB1,AD,,
MICOS13,AR,,
MID1,XL,,
MIPEP,AR,,
MIR96,AD,,
MITF,AD,,
MLH1,AD,,
MLH1,AR,,
MLH1,AD,,
MLH3,AD,,
MLYCD,AR,,
MMAA,AR,,
MMAB,AR,,
MMACHC,AR,,
MMADHC,AR,,
MME,AR,,
MMUT,AR,,
MNS1,AR,,
MOCOS,AR,,
MOCS1,AR,,
MOCS2,AR,,
MOGS,AR,,
MORC2,AD,,
MORC2,AD,,
MPC1,AR,,
MPI,AR,,
MPIG6B,AR,,
MPL,AD,,
MPL,AR,,
MPST,AR,,
MPV17,AR,,
MPZ,AD,,
MPZL2,AR,,
MRAS,AD,,
MRE11,AD,,
MRE11,AD,,
MRPL3,AR,,
MRPL44,AR,,
MRPS16,AR,,
MRPS22,AR,,
MRPS34,AR,,
MS4A1,AR,,
MSH2,AD,,
MSH2,AR,,
MSH2,AD,,
MSH3,AD,,
MSH3,AR,,
MSH6,AR,,
MSH6,AD,,
MSH6,AD,,
MSL3,XL,,
MSN,XL,,
MSRB3,AR,,
MSTO1,AR,,
MSX1,AD,,
MSX2,AD,,
MSX2,AD,,
MT-ATP6,MT,,
MT-ATP6,MT,,
MT-ATP8,MT,,
MT-CO1,MT,,
MT-CO1,MT,,
MT-CO2,MT,,
MT-CO2,MT,,
MT-CO3,MT,,
MT-CO3,MT,,
MT-ND1,MT,,
MT-ND1,MT,,
MT-ND2,MT,,
MT-ND2,MT,,
MT-ND3,MT,,
MT-ND3,MT,,
MT-ND4,MT,,
MT-ND4,MT,,
MT-ND4L,MT,,
MT-ND5,MT,,
MT-ND5,MT,,
MT-ND6,MT,,
MT-ND6,MT,,
MT-RNR2,MT,,
MT-TC,MT,,
MT-TD,MT,,
MT-TE,MT,,
MT-TF,MT,,
MT-TG,MT,,
MT-TH,MT,,
MT-TI,MT,,
MT-TK,MT,,
MT-TK,MT,,
MT-TL1,MT,,
MT-TL1,MT,,
MT-TL2,MT,,
MT-TM,MT,,
MT-TN,MT,,
MT-TP,MT,,
MT-TQ,MT,,
MT-TS1,MT,,
MT-TS2,MT,,
MT-TT,MT,,
MT-TV,MT,,
MT-TV,MT,,
MT-TW,MT,,
MT-TW,MT,,
MT-TY,MT,,
MTAP,AD,,
MTFMT,AR,,
MTHFR,AR,,
MTM1,XL,,
MTMR2,AR,,
MTOR,AD,,
MTPAP,AR,,
MTR,AR,,
MTRFR,AR,,
MTRR,AR,,
MUC1,AD,,
MUTYH,AD,,
MUTYH,AR,,
MUTYH,AD,,
MUTYH,AR,,
MUTYH,AR,,
MUTYH,AD,,
MYBPC3,AD,,
MYBPC3,AD,,
MYBPC3,AD,,
MYH11,AD,,
MYH14,AD,,
MYH2,SD,,
MYH6,AD,,
MYH6,AD,,
MYH7,AD,,
MYH7,AD,,
MYH7,AD,,
MYH7,AD,,
MYH9,AD,,
MYL1,AR,,
MYL2,AD,,
MYL2,AD,,
MYL2,AD,,
MYL2,AD,,
MYL3,AD,,
MYL3,AD,,
MYL3,AD,,
MYLK,AD,,
MYLK2,AD,,
MYMK,AR,,
MYO15A,AR,,
MYO18B,AR,,
MYO1A,AD,,
MYO1C,AD,,
MYO1F,AD,,
MYO3A,AR,,
MYO5A,AR,,
MYO6,AD,,
MYO7A,AR,,
MYO7A,AD,,
MYO9A,AR,,
MYOC,AD,,
MYOM1,AD,,
MYOZ2,AD,,
MYPN,AR,,
MYPN,AD,,
MYPN,AD,,
MYT1L,AD,,
NAA10,XL,,
NAA15,AD,,
NADK2,AR,,
NAGA,AR,,
NAGLU,AR,,
NAGS,AR,,
NARS2,AR,,
NARS2,AR,,
NAT8L,AR,,
NAXE,AR,,
NBEA,AD,,
NBEAL2,AR,,
NBN,AR,,
NBN,AD,,
NCAPG2,AR,,
NDP,XL,,
NDUFA1,XL,,
NDUFA10,AR,,
NDUFA10,AR,,
NDUFA11,AR,,
NDUFA12,AR,,
NDUFA13,AR,,
NDUFA2,AR,,
NDUFA4,AR,,
NDUFA9,AR,,
NDUFAF1,AR,,
NDUFAF2,AR,,
NDUFAF4,AR,,
NDUFAF5,AR,,
NDUFAF6,AR,,
NDUFAF8,AR,,
NDUFB10,AR,,
NDUFB11,XL,,
NDUFB3,AR,,
NDUFB8,AR,,
NDUFC2,AR,,
NDUFC2,AR,,
NDUFS1,AR,,
NDUFS1,AR,,
NDUFS2,AR,,
NDUFS3,AR,,
NDUFS4,AR,,
NDUFS6,AR,,
NDUFS7,AR,,
NDUFS8,AR,,
NDUFV1,AR,,
NDUFV2,AR,,
NDUFV2,AR,,
NEB,AR,,
NEBL,AD,,
NECAP1,AR,,
NEDD4L,AD,,
NEFH,AD,,
NEFH,AD,,
NEFL,AR,,
NEFL,AD,,
NEK1,AD,,
NEK10,AR,,
NEK8,AR,,
NEMF,AR,,
NEU1,AR,,
NEUROD1,AD,,
NEUROD1,AR,,
NEXMIF,XL,,
NEXN,AD,,
NEXN,AD,,
NF1,AD,,
NF1,AD,,
NF2,AD,,
NFATC1,AD,,
NFIA,AD,,
NFIX,AD,,
NFIX,AD,,
NFKB1,AD,,
NFKB2,AD,,
NFKBIZ,AD,,
NFU1,AR,,
NGF,AR,,
NGLY1,AR,,
NHEJ1,AR,,
NHLRC1,AR,,
NHP2,AR,,
NHS,XL,,
NKX2-1,AD,,
NKX2-5,AD,,
NKX2-5,AD,,
NLGN3,XL,,
NLGN4X,XL,,
NME8,AR,,
NMNAT1,AR,,
NOD2,AD,,
NOG,AD,,
NONO,XL,,
NOTCH1,AD,,
NOTCH3,AD,,
NPC1,AR,,
NPC2,AR,,
NPHP1,AR,,
NPHP3,AR,,
NPHP4,AR,,
NPHS1,AR,,
NPPA,AR,,
NPRL2,AD,,
NPRL3,AD,,
NR2F1,AD,,
NR2F2,AD,,
NR3C2,AD,,
NR3C2,AD,,
NR4A2,AD,,
NRAS,AD,,
NRAS,AD,,
NRAS,AD,,
NRAS,AD,,
NRROS,AR,,
NRXN1,AD,,
NSD1,AD,,
NSD2,AD,,
NSDHL,XL,,
NSUN2,AR,,
NTF4,AD,,
NTHL1,AR,,
NTNG1,AD,,
NTRK1,AR,,
NUBPL,AR,,
NUP62,AR,,
NYX,XL,,
OAT,AR,,
OBSCN,AD,,
OBSCN,AD,,
OCA2,AR,,
OCRL,XL,,
ODAD1,AR,,
ODAD2,AR,,
ODAD3,AR,,
ODAD4,AR,,
OFD1,XL,,
OGT,XL,,
OPA1,AR,,
OPA1,SD,,
OPHN1,XL,,
OPTN,SD,,
OPTN,AD,,
ORAI1,AD,,
ORC4,AR,,
ORC6,AR,,
OSBPL2,AD,,
OTC,XL,,
OTOA,AR,,
OTOF,AR,,
OTOG,AR,,
OTOGL,AR,,
OTUD7A,AR,,
P2RX2,AD,,
P2RY12,AR,,
P2RY12,AD,,
PACS1,AD,,
PAH,AR,,
PAK3,XL,,
PALB2,AD,,
PALB2,AD,,
PALB2,AD,,
PALB2,AR,,
PARK7,AR,,
PARS2,AR,,
PAX1,AR,,
PAX2,AD,,
PAX3,AD,,
PAX4,AD,,
PAX5,AR,,
PAX6,AD,,
PAX7,AR,,
PBX1,AD,,
PCARE,AR,,
PCBD1,AR,,
PCCA,AR,,
PCCB,AR,,
PCDH15,AR,,
PCDH15,AR,,
PCDH19,XL,,
PCGF2,AD,,
PCSK9,AD,,
PCYT1A,AR,,
PDE6A,AR,,
PDE6C,AR,,
PDGFD,AD,,
PDGFRA,AD,,
PDHA1,XL,,
PDHB,AR,,
PDHX,AR,,
PDLIM3,AD,,
PDLIM3,AD,,
PDSS2,AR,,
PDX1,AD,,
PDX1,AR,,
PDZD7,AR,,
PET100,AR,,
PET117,AR,,
PEX1,AR,,
PEX10,AR,,
PEX11A,AR,,
PEX11B,AR,,
PEX11G,AR,,
PEX12,AR,,
PEX13,AR,,
PEX14,AR,,
PEX16,AR,,
PEX19,AR,,
PEX2,AR,,
PEX26,AR,,
PEX3,AR,,
PEX5,AR,,
PEX6,AR,,
PEX7,AR,,
PFN1,AD,,
PGAP3,AR,,
PHF21A,AD,,
PHF6,XL,,
PHF8,XL,,
PHGDH,AR,,
PHIP,AD,,
PHOX2B,AD,,
PHOX2B,AD,,
PHYH,AR,,
PHYKPL,AR,,
PIEZO1,AD,,
PIEZO1,AR,,
PIGL,AR,,
PIGN,AR,,
PIGO,AR,,
PIGU,AR,,
PIK3CA,AD,,
PIK3CA,AD,,
PIK3CA,AD,,
PIK3CD,AR,,
PIK3CD,AD,,
PIK3CG,AR,,
PIK3R1,AD,,
PIK3R1,AD,,
PIK3R1,AR,,
PIK3R2,AD,,
PINK1,AR,,
PJVK,AR,,
PKD1,AD,,
PKD1,AR,,
PKD2,AD,,
PKHD1,AR,,
PKP2,AD,,
PKP2,AD,,
PKP2,AD,,
PKP2,AD,,
PLA2G4A,AR,,
PLAT,AD,,
PLAU,AD,,
PLCB1,AR,,
PLCB4,AD,,
PLCB4,AR,,
PLCE1,AR,,
PLEC,AR,,
PLEKHG5,AR,,
PLEKHM2,AR,,
PLG,AR,,
PLN,AD,,
PLN,AD,,
PLP1,XL,,
PMM2,AR,,
PMP2,AD,,
PMP22,AD,,
PMPCA,AR,,
PMS1,AD,,
PMS2,AD,,
PMS2,AD,,
PMS2,AR,,
PNKP,AR,,
PNPLA2,AR,,
PNPLA6,AR,,
PNPLA6,AR,,
PNPO,AR,,
PNPT1,AR,,
POGLUT1,AR,,
POGZ,AD,,
POLD1,AR,,
POLD1,AD,,
POLD2,AR,,
POLE,AD,,
POLG,AR,,
POLH,AR,,
POLR1C,AR,,
POLR2A,AD,,
POMGNT1,AR,,
POMGNT2,AR,,
POMT1,AR,,
POMT2,AR,,
POR,AR,,
PORCN,XL,,
POU2AF1,AR,,
POU3F4,XL,,
POU4F3,AD,,
PPM1D,AD,,
PPM1K,AR,,
PPP1CB,AD,,
PPP1R12A,AD,,
PPP1R21,AR,,
PPP2R1A,AD,,
PPP2R5D,AD,,
PPT1,AR,,
PPT1,AR,,
PQBP1,XL,,
PRDM16,AD,,
PRF1,AR,,
PRG4,AR,,
PRICKLE1,AD,,
PRICKLE1,AR,,
PRICKLE2,AD,,
PRKAG2,AD,,
PRKAG2,AD,,
PRKAR1A,AD,,
PRKCSH,AD,,
PRKDC,AR,,
PRKG1,AD,,
PRKN,AR,,
PROC,SD,,
PRODH,AR,,
PRODH2,AR,,
PROK2,SD,,
PROKR2,AD,,
PROS1,SD,,
PRPF31,AD,,
PRPF8,AD,,
PRPH,AD,,
PRPS1,XL,,
PRPS1,XL,,
PRRT2,AD,,
PRSS1,AD,,
PRSS12,AR,,
PRX,AR,,
PSAP,AR,,
PSAP,AR,,
PSAP,AR,,
PSAP,AR,,
PSAT1,AR,,
PSD3,AD,,
PSEN1,AD,,
PSEN2,AD,,
PSPH,AR,,
PTCD3,AR,,
PTCH1,AD,,
PTCH2,AD,,
PTCHD1,XL,,
PTEN,AD,,
PTGS1,SD,,
PTPN11,AD,,
PTPN11,AD,,
PTPN11,AD,,
PTPN11,AD,,
PTPRC,AR,,
PTPRJ,AD,,
PTPRQ,AR,,
PTS,AR,,
PUF60,AD,,
PURA,AD,,
PUS1,AR,,
PXDN,AR,,
PYCR1,AR,,
PYROXD1,AR,,
QARS1,AR,,
QDPR,AR,,
QRICH1,AD,,
RAB18,AR,,
RAB23,AR,,
RAB27A,AR,,
RAB28,AR,,
RAB39B,XL,,
RAB3GAP1,AR,,
RAB3GAP2,AR,,
RAB40AL,XL,,
RAB7A,AD,,
RAC2,AR,,
RAC2,AD,,
RAC2,AD,,
RAD21,AD,,
RAD50,AD,,
RAD50,AD,,
RAD51C,AD,,
RAD51C,AD,,
RAD51C,AR,,
RAD51D,AD,,
RAD51D,AD,,
RAF1,AD,,
RAF1,AD,,
RAF1,AD,,
RAF1,AD,,
RAG1,AR,,
RAG2,AR,,
RAI1,AD,,
RANBP2,AD,,
RANGRF,AD,,
RAP1B,AD,,
RARB,AD,,
RARS2,AR,,
RASA1,AD,,
RASA2,AD,,
RASGRP2,AR,,
RB1,AD,,
RBM20,AD,,
RBM20,AD,,
RBM8A,AR,,
RCBTB1,AR,,
RDH12,AR,,
RDH5,AR,,
RDX,AR,,
RECQL,AD,,
RECQL,AD,,
RECQL4,AR,,
REL,AR,,
RELA,AD,,
RELB,AR,,
RELN,AR,,
RELN,AD,,
REN,AR,,
REN,AD,,
RERE,AD,,
RET,AD,,
RET,AD,,
RFT1,AR,,
RFX5,AR,,
RFXANK,AR,,
RFXAP,AR,,
RGS9,AR,,
RHBDF2,AD,,
RHOH,AR,,
RIN2,AR,,
RINT1,AD,,
RINT1,AD,,
RIPOR2,AR,,
RIT1,AD,,
RLBP1,AR,,
RMND1,AR,,
RMRP,AR,,
RNASEH1,AR,,
RNF168,AR,,
RNF43,AD,,
ROBO3,AR,,
ROGDI,AR,,
ROR1,AR,,
RORB,AD,,
RP1,SD,,
RP1,AR,,
RP2,XL,,
RPE65,AR,,
RPE65,AD,,
RPGR,XL,,
RPL10,XL,,
RPL5,AD,,
RPS10,AD,,
RPS19,AD,,
RPS20,AD,,
RPS24,AD,,
RPS6KA3,XL,,
RPS6KB1,AD,,
RRAS,AD,,
RRAS2,AD,,
RS1,XL,,
RSPH1,AR,,
RSPH4A,AR,,
RSPH9,AR,,
RUNX1,AD,,
RXYLT1,AR,,
RYR1,AD,,
RYR1,AR,,
RYR1,AD,,
RYR2,AD,,
RYR2,AD,,
RYR2,AD,,
RYR3,AD,,
RYR3,AR,,
S1PR2,AR,,
SARDH,AR,,
SARS1,AR,,
SARS2,AR,,
SASH3,XL,,
SATB2,AD,,
SBDS,AR,,
SBF1,AR,,
SBF2,AR,,
SCARB2,AR,,
SCN10A,AD,,
SCN11A,AD,,
SCN1A,AD,,
SCN1A,AD,,
SCN1A,AD,,
SCN1A,AD,,
SCN1B,AD,,
SCN1B,AD,,
SCN1B,AR,,
SCN2A,AD,,
SCN2B,AD,,
SCN3A,AD,,
SCN3B,AD,,
SCN4A,AR,,
SCN4B,AD,,
SCN5A,AD,,
SCN5A,AD,,
SCN5A,AD,,
SCN5A,AD,,
SCN5A,AD,,
SCN5A,AD,,
SCN8A,AD,,
SCN9A,AD,,
SCNN1A,AR,,
SCNN1G,AD,,
SCO1,AR,,
SCO2,AR,,
SCP2,AR,,
SDHA,AD,,
SDHA,AR,,
SDHAF1,AR,,
SDHAF1,AR,,
SDHAF2,AD,,
SDHB,AR,,
SDHB,AD,,
SDHC,AD,,
SDHC,Undetermined,,
SDHD,AR,,
SDHD,AD,,
SEC61A1,AD,,
SEC61B,AD,,
SEC63,AD,,
SELENBP1,AR,,
SELENON,AR,,
SEMA4A,AD,,
SEPTIN9,AD,,
SERAC1,AR,,
SERPINB6,AR,,
SERPINB8,AR,,
SERPINC1,SD,,
SERPIND1,AD,,
SERPINE1,AR,,
SERPINF2,AR,,
SERPING1,AD,,
SERPINI1,AD,,
SET,AD,,
SETBP1,AD,,
SETBP1,AD,,
SETD5,AD,,
SETX,AD,,
SF3B4,AD,,
SFTPA2,AD,,
SFXN4,AR,,
SGCA,AR,,
SGCB,AR,,
SGCD,AR,,
SGCD,AD,,
SGCG,AR,,
SGSH,AR,,
SH3KBP1,XL,,
SH3PXD2B,AR,,
SH3TC2,AR,,
SHANK2,AD,,
SHANK3,AD,,
SHMT2,AR,,
SHOC2,AD,,
SHOC2,AD,,
SHOC2,AD,,
SHOC2,AD,,
SHROOM4,XL,,
SIL1,AR,,
SIN3A,AD,,
SIX1,AD,,
SIX5,AD,,
SKI,AD,,
SLC12A5,AR,,
SLC16A2,XL,,
SLC17A5,AR,,
SLC17A8,AD,,
SLC19A3,AR,,
SLC1A1,AR,,
SLC1A2,AD,,
SLC1A3,AD,,
SLC1A4,AR,,
SLC22A5,AR,,
SLC22A5,AR,,
SLC25A1,AR,,
SLC25A10,AR,,
SLC25A12,AR,,
SLC25A13,AR,,
SLC25A15,AR,,
SLC25A19,AR,,
SLC25A20,AR,,
SLC25A22,AR,,
SLC25A26,AR,,
SLC25A3,AR,,
SLC25A4,AR,,
SLC25A4,AD,,
SLC25A46,AR,,
SLC25A46,AR,,
SLC26A2,AR,,
SLC26A2,AR,,
SLC26A2,AR,,
SLC26A2,AR,,
SLC26A4,AR,,
SLC26A5,AR,,
SLC2A1,AD,,
SLC2A10,AD,,
SLC34A1,AR,,
SLC34A1,AR,,
SLC35A2,XL,,
SLC36A2,AR,,
SLC38A8,AR,,
SLC38A9,Undetermined,,
SLC39A7,AR,,
SLC39A8,AR,,
SLC3A1,AR,,
SLC41A1,AR,,
SLC44A4,AD,,
SLC4A3,AD,,
SLC52A1,AD,,
SLC52A2,AR,,
SLC52A3,AR,,
SLC5A7,AD,,
SLC6A19,AR,,
SLC6A3,AR,,
SLC6A4,AD,,
SLC6A6,AR,,
SLC6A8,XL,,
SLC7A7,AR,,
SLC7A9,AR,,
SLC9A6,XL,,
SLC9A9,AD,,
SLFN14,AD,,
SLITRK6,AR,,
SLMAP,AD,,
SLX4,AD,,
SLX4,AD,,
SMAD1,AD,,
SMAD2,AD,,
SMAD2,AD,,
SMAD3,AD,,
SMAD3,AD,,
SMAD4,AD,,
SMAD4,AD,,
SMAD4,AD,,
SMAD9,AD,,
SMARCA1,XL,,
SMARCA2,AD,,
SMARCA4,AD,,
SMARCA4,AD,,
SMARCA4,AD,,
SMARCAL1,AR,,
SMARCB1,AD,,
SMARCC1,AD,,
SMARCC2,AD,,
SMARCE1,AD,,
SMC1A,XL,,
SMC3,AD,,
SMCHD1,AD,,
SMG8,AR,,
SMO,AR,,
SMPD1,AR,,
SMPX,XL,,
SMS,XL,,
SNAI2,AR,,
SNAP25,AD,,
SNCA,AD,,
SNRNP200,AD,,
SNTA1,AD,,
SOBP,AR,,
SOD1,AD,,
SON,AD,,
SORD,AR,,
SOS1,AD,,
SOS1,AD,,
SOS1,AD,,
SOS2,AD,,
SOX10,AD,,
SOX17,AD,,
SOX3,XL,,
SOX5,AD,,
SOX9,AD,,
SOX9,AD,,
SOX9,AD,,
SP110,AR,,
SPAG1,AR,,
SPART,AR,,
SPATA13,AD,,
SPEG,AR,,
SPEN,AD,,
SPG11,AR,,
SPI1,AD,,
SPR,AR,,
SPRED1,AD,,
SPTAN1,AD,,
SPTBN4,AR,,
SPTLC2,AD,,
SQOR,AR,,
SQSTM1,AD,,
SRC,AD,,
SRCAP,AD,,
SRD5A3,AR,,
SS18L1,AD,,
SSBP1,AD,,
SSBP1,AD,,
ST3GAL3,AR,,
ST3GAL5,AR,,
STAC3,AR,,
STAG1,AD,,
STAT3,AD,,
STAT3,AD,,
STIL,AR,,
STIM1,AD,,
STK11,AD,,
STK11,AD,,
STK4,AR,,
STRC,AR,,
STX11,AR,,
STX1B,AD,,
STXBP1,AD,,
STXBP2,AR,,
SUCLA2,AR,,
SUCLG1,AR,,
SUFU,AD,,
SUFU,AR,,
SUGCT,AR,,
SUMF1,AR,,
SUOX,AR,,
SURF1,AR,,
SYN1,XL,,
SYNE4,AR,,
SYNGAP1,AD,,
SYNJ1,AR,,
SYP,XL,,
SYT2,AD,,
SZT2,AR,,
TACO1,AR,,
TAF15,AD,,
TAFAZZIN,XL,,
TANC2,AD,,
TAOK1,AD,,
TAP1,AR,,
TAP2,AR,,
TAPBP,AR,,
TARDBP,AD,,
TARS2,AR,,
TAT,AR,,
TBC1D24,AR,,
TBC1D24,AD,,
TBC1D8B,XL,,
TBK1,AD,,
TBL1XR1,AD,,
TBR1,AD,,
TBX20,AD,,
TBX4,AD,,
TBX5,AD,,
TBXA2R,AD,,
TBXAS1,AR,,
TCAP,AD,,
TCAP,AD,,
TCAP,AR,,
TCF12,AD,,
TCF20,AD,,
TCF3,SD,,
TCF4,AD,,
TCF7L2,AD,,
TCIRG1,AR,,
TCIRG1,AR,,
TCOF1,AD,,
TCTN2,AR,,
TCTN3,AR,,
TDO2,AR,,
TECR,AR,,
TECRL,AR,,
TECTA,AR,,
TECTA,AD,,
TEK,AD,,
TELO2,AR,,
TERT,SD,,
TET2,AD,,
TFRC,AR,,
TGFB2,AD,,
TGFB3,AD,,
TGFB3,AD,,
TGFBR1,AD,,
TGFBR1,AD,,
TGFBR1,AD,,
TGFBR2,AD,,
TGFBR2,AD,,
TH,AR,,
THAP11,AR,,
THBD,AD,,
THBD,AR,,
THPO,AR,,
THPO,AD,,
TIA1,AD,,
TIMM50,AR,,
TIMM8A,XL,,
TIMMDC1,AR,,
TIMP3,AD,,
TJP1,AD,,
TJP2,AD,,
TK2,AR,,
TMC1,AR,,
TMC1,AD,,
TMEM126B,AR,,
TMEM127,AD,,
TMEM132E,AR,,
TMEM138,AR,,
TMEM231,AR,,
TMEM237,AR,,
TMEM43,AD,,
TMEM67,AR,,
TMEM70,AR,,
TMIE,AR,,
TMLHE,XL,,
TMPO,AD,,
TMPO,AD,,
TMPRSS3,AR,,
TMTC2,AD,,
TNC,AD,,
TNFRSF13B,AR,,
TNFRSF13C,AR,,
TNFRSF4,AR,,
TNFSF12,AD,,
TNFSF13,AR,,
TNNC1,AD,,
TNNC1,AD,,
TNNC1,AD,,
TNNC2,AD,,
TNNI3,AD,,
TNNI3,AD,,
TNNI3,AD,,
TNNI3K,AD,,
TNNT1,AR,,
TNNT1,AD,,
TNNT2,AD,,
TNNT2,AD,,
TNNT2,AD,,
TNNT3,AR,,
TNRC6B,AD,,
TOP2B,AD,,
TOPBP1,AD,,
TOPORS,AD,,
TP53,AD,,
TP53,AD,,
TP73,AR,,
TPK1,AR,,
TPM1,AD,,
TPM1,AD,,
TPM1,AD,,
TPM2,AD,,
TPM3,SD,,
TPM4,AD,,
TPP1,AR,,
TPRN,AR,,
TRAC,AR,,
TRAF3,AD,,
TRAPPC11,AR,,
TRAPPC4,AR,,
TRAPPC9,AR,,
TRDN,AR,,
TRDN,AR,,
TRIM32,AR,,
TRIM37,AR,,
TRIM63,AR,,
TRIM63,AD,,
TRIM8,AD,,
TRIO,AD,,
TRIOBP,AR,,
TRIP12,AD,,
TRIT1,AR,,
TRMT10C,AR,,
TRMT5,AR,,
TRMU,AR,,
TRNT1,AR,,
TRPM1,AR,,
TRPM4,AD,,
TRPV4,AD,,
TRPV4,AD,,
TRRAP,AD,,
TSC1,AD,,
TSC2,AD,,
TSFM,AR,,
TSHZ1,AD,,
TSPAN12,SD,,
TSPAN7,XL,,
TSPEAR,AR,,
TTC19,AR,,
TTC21B,AR,,
TTC7A,AR,,
TTLL5,AR,,
TTN,AD,,
TTN,AR,,
TTN,AD,,
TTN,AD,,
TTN,AD,,
TTN,AD,,
TTR,AD,,
TUBA4A,AD,,
TUBA4A,AD,,
TUBB1,AD,,
TUBB2A,AD,,
TUBB2B,AD,,
TUBB4B,AD,,
TUBG1,AD,,
TUBGCP6,AR,,
TULP3,AR,,
TUSC3,AR,,
TWIST1,AD,,
TWIST1,AD,,
TWIST1,AD,,
TYMP,AR,,
TYR,AR,,
UBE2A,XL,,
UBE3A,AD,,
UBE3B,AR,,
UBQLN2,XL,,
UBTF,AD,,
UMOD,AD,,
UNC13D,AR,,
UNC80,AR,,
UNG,AR,,
UPF3B,XL,,
UPK3A,AD,,
UQCRC2,AR,,
UQCRQ,AR,,
UROC1,AR,,
UROD,SD,,
USH1C,AR,,
USH1C,AR,,
USH1G,AR,,
USH1G,AR,,
USH2A,AR,,
USP27X,XL,,
USP7,AD,,
USP9X,XL,,
VAPB,AD,,
VARS2,AR,,
VCAN,AD,,
VCL,AD,,
VCL,AD,,
VCP,AD,,
VHL,AD,,
VIPAS39,AR,,
VKORC1,AR,,
VLDLR,AR,,
VPS13B,AR,,
VPS13D,AR,,
VPS33B,AR,,
VPS35,AD,,
VPS8,AR,,
VWF,AD,,
VWF,AD,,
WAC,AD,,
WARS1,AD,,
WARS2,AR,,
WAS,XL,,
WAS,XL,,
WASHC5,AD,,
WASHC5,AR,,
WBP2,AR,,
WDFY3,AD,,
WDR19,AR,,
WDR35,AR,,
WDR35,AR,,
WDR36,AD,,
WDR45,XL,,
WDR62,AR,,
WDR72,AR,,
WFS1,AD,,
WFS1,AR,,
WHRN,AR,,
WHRN,AR,,
WIPF1,AR,,
WNK1,AR,,
WNT10A,SD,,
WNT5A,AD,,
WRAP53,AR,,
WRN,AR,,
WT1,AD,,
WT1,AD,,
WWOX,AR,,
XPA,AR,,
XPC,AR,,
XPNPEP3,AR,,
XRCC2,AD,,
XRCC2,AD,,
XRCC4,AD,,
YARS1,AD,,
ZAP70,AR,,
ZBTB18,AD,,
ZC3H14,AR,,
ZC4H2,XL,,
ZDHHC15,XL,,
ZDHHC9,XL,,
ZEB2,AD,,
ZFYVE27,AD,,
ZMIZ1,AD,,
ZMPSTE24,AR,,
ZMPSTE24,AR,,
ZMYND10,AR,,
ZNF292,AD,,
ZNF41,XL,,
ZNF423,AR,,
ZNF462,AD,,
ZNF674,XL,,
ZNF711,XL,,
ZNF81,XL,,
